,Estacion,Propietario,Operador,Región,Provincia,Comuna,Coordenadas UTM,Huso horario,Recepción de datos,Inicio de operación reportada,Fin de operación reportada
49,21 de Mayo,GUACOLDA ENERGIA S.A.,CESMEC S.A,de Atacama,Huasco,Huasco,281938 E 6848939 N,19,en línea,2008-05-21,
172,21 de mayo,Sub Secretaría del Medio Ambiente,Algoritmos y Mediciones Ambientales SpA,del Biobío,Biobío,Los Angeles,733331 E 5849585 N,18,en línea,2012-04-14,
105,ARMAT,NO INFORMADO,NO INFORMADO,de Valparaíso,Valparaíso,Quilpué,273138 E 6341755 N,19,carga manual,2002-01-17,
204,Alerce,Sub Secretaría del Medio Ambiente,Sub Secretaria del Medio Ambiente,de los Lagos,Llanquihue,Puerto Montt,675585 E 5414803 N,19,en línea,2017-03-17,
1,Alto Hospicio,Ministerio del Medio Ambiente,Algoritmos y Mediciones Ambientales SpA,de Tarapacá,Iquique,Alto Hospicio,385118 E 7755989 N,19,en línea,2015-12-17,
61,Andacollo,Ministerio del Medio Ambiente,Algoritmos y Mediciones Ambientales SpA,de Coquimbo,Elqui,Andacollo,299236 E 6654136 N,19,en línea,2009-07-16,
2,Antofagasta,Ministerio del Medio Ambiente,Algoritmos y Mediciones Ambientales SpA,de Antofagasta,Antofagasta,Antofagasta,358874 E 7387875 N,19,en línea,2013-06-01,
0,Arica,Ministerio del Medio Ambiente,Algoritmos y Mediciones Ambientales SpA,de Arica y Parinacota,Arica,Arica,363747 E 7955831 N,19,en línea,2013-11-27,
15,Aukahuasi,Codelco Distrito Norte,CIMM Tecnologías y Servicios S.A.,de Antofagasta,El Loa,Calama,506481 E 7531673 N,19,carga manual,1994-05-02,
166,Balneario Curanilahue,Sub Secretaría del Medio Ambiente,Algoritmos y Mediciones Ambientales SpA,del Biobío,Arauco,Curanilahue,647504 E 5850002 N,18,en línea,2009-01-01,
167,Bocatoma,ENAP,CESMEC S.A,del Biobío,Concepción,Hualpén,667680 E 5925321 N,18,en línea,2007-01-01,
27,Bomberos,Norgener S.A,CESMEC S.A,de Antofagasta,Tocopilla,Tocopilla,375319 E 7554741 N,19,en línea,2011-10-14,
41,CAP,Codelco Divsión El Salvador,NO INFORMADO,de Atacama,Chañaral,Diego de Almagro,449439 E 7077320 N,19,carga manual,2005-03-15,
195,CESFAM Lago Ranco,Ministerio del Medio Ambiente,"CENMA, Centro Nacional del Medio Ambiente",de los Ríos,Ranco,Lago Ranco,205001 E 5530769 N,19,carga manual,2011-06-16,
174,"CESFAM, Los Ángeles",Municipalidad de Los Angeles,SEREMI SALUD BIOBIO,del Biobío,Biobío,Los Angeles,733330 E 5850426 N,19,carga manual,2008-01-01,
68,Caimanes,Minera Los Pelambres,SGS Chile Ltda.,de Coquimbo,Choapa,Los Vilos,298016 E 6465581 N,19,carga manual,2005-03-15,
158,Calabozo,Colbún S.A,Algoritmos y Mediciones Ambientales SpA,del Biobío,Concepción,Coronel,668730 E 5903504 N,18,en línea,2008-01-15,
73,Camisas,Minera Los Pelambres,SGS Chile Ltda.,de Coquimbo,Choapa,Salamanca,315066 E 6471115 N,19,carga manual,2007-01-09,
94,Campiche,Puerto Ventanas S.A,SK Ecología S.A.,de Valparaíso,Valparaíso,Puchuncaví,270343 E 6375300 N,19,en línea,2000-06-01,
134,Casas de Peuco,Colbún S.A,Serpram S.A,del Libertador General Bernardo O'Higgins,Cachapoal,Mostazal,348550 E 6241714 N,19,carga manual,2004-01-21,
80,Catemu,Fundicion Chagres de Anglo American Sur S.A.,CESMEC S.A,de Valparaíso,San Felipe de Aconcagua,Catemu,316512 E 6371481 N,19,en línea,1994-01-01,
130,Cauquenes,Codelco Divsión El Teniente,"Codelco División El Teniente, Superintendencia Ingeniería Fundición",del Libertador General Bernardo O'Higgins,Cachapoal,Machalí,356722 E 6209574 N,19,en línea,2000-01-01,
142,Cauquenes Sivica,Ministerio del Medio Ambiente,Algoritmos y Mediciones Ambientales SpA,del Maule,Cauquenes,Cauquenes,741947 E 6016660 N,18,en línea,2021-03-01,
178,Cayumanqui,Celulosa Arauco y Constitución,CESMEC S.A,del Biobío,Ñuble,Quillón,726479 E 5937184 N,18,en línea,2005-05-02,
108,Central Quintero,ENEL CHILE S.A.,Servicios y Proyectos Ambientales S.A,de Valparaíso,Valparaíso,Quintero,267262 E 6369644 N,19,en línea,2011-10-01,
32,Centro,Electroandina S.A.,Algoritmos y Mediciones Ambientales SpA,de Antofagasta,Tocopilla,Tocopilla,376516 E 7556334 N,19,carga manual,2004-03-01,
106,Centro Quintero,GNL Quintero,SGS Chile Ltda.,de Valparaíso,Valparaíso,Quintero,262853 E 6369407 N,19,en línea,2008-03-01,
115,Cerrillos I,Ministerio del Medio Ambiente,Ministerio del Medio Ambiente,Metropolitana de Santiago,Santiago,Cerrillos,340277 E 6292747 N,19,carga manual,1997-04-01,
114,Cerrillos II,Ministerio del Medio Ambiente,Ministerio del Medio Ambiente,Metropolitana de Santiago,Santiago,Cerrillos,341687 E 6292449 N,19,en línea,2022-04-29,
157,Cerro Merquín,Sub Secretaría del Medio Ambiente,Algoritmos y Mediciones Ambientales SpA,del Biobío,Concepción,Coronel,664607 E 5901176 N,18,en línea,2009-01-01,
116,Cerro Navia,Ministerio del Medio Ambiente,Ministerio del Medio Ambiente,Metropolitana de Santiago,Santiago,Cerro Navia,338984 E 6299360 N,19,en línea,2001-03-23,
69,Chacay,Minera Los Pelambres,SGS Chile Ltda.,de Coquimbo,Choapa,Los Vilos,350388 E 6478539 N,19,carga manual,2003-01-01,
81,Chagres Meteorologia,Fundicion Chagres de Anglo American Sur S.A.,CESMEC S.A,de Valparaíso,San Felipe de Aconcagua,Catemu,31230 E 636645 N,19,en línea,2003-01-01,
62,Chepiquilla,Compañía Minera Teck Carmen de Andacollo,Compañia Minera Teck Carmen de Andacollo,de Coquimbo,Elqui,Andacollo,299687 E 6651480 N,19,en línea,2005-01-02,
7,Chiu Chiu,Codelco Distrito Norte,CIMM Tecnologías y Servicios S.A.,de Antofagasta,El Loa,Calama,535953 E 7529230 N,19,en línea,2008-04-10,
42,Cine Inca,Celulosa Arauco y Constitución,NO INFORMADO,de Atacama,Chañaral,Diego de Almagro,437589 E 7097133 N,19,carga manual,2001-09-01,
131,Cipreses,Codelco Divsión El Teniente,"Codelco División El Teniente, Superintendencia Ingeniería Fundición",del Libertador General Bernardo O'Higgins,Cachapoal,Machalí,365276 E 6207829 N,19,en línea,2000-01-01,
8,Club Deportivo 23 de Marzo,Codelco Distrito Norte,SGS Chile Ltda.,de Antofagasta,El Loa,Calama,506399 E 7516241 N,19,en línea,2012-10-12,
175,Club de Empleados,CMPC PULP SpA,Serpram S.A,del Biobío,Biobío,Nacimiento,705393 E 5846899 N,19,en línea,2016-07-01,
128,Codegua,Colbún S.A,Serpram S.A,del Libertador General Bernardo O'Higgins,Cachapoal,Codegua,346716 E 6233063 N,19,carga manual,2004-01-21,
74,Coiron,Minera Los Pelambres,SGS Chile Ltda.,de Coquimbo,Choapa,Salamanca,3331969 E 6469032 N,19,carga manual,2005-03-18,
9,Colegio Pedro Vergara Keller,Codelco Distrito Norte,SGS Chile Ltda.,de Antofagasta,El Loa,Calama,506893 E 7518227 N,19,en línea,2012-10-12,
151,Colicheu,AESGENER S.A,Serpram S.A,del Biobío,Biobío,Cabrero,743195 E 5899021 N,18,en línea,2008-09-01,
85,Colmo,ENAP,SGS Chile Ltda.,de Valparaíso,Valparaíso,Concón,271850 E 6354848 N,19,en línea,2002-05-01,
22,Compañía de Bomberos,Gas Atacama Generación Limitada,CESMEC S.A,de Antofagasta,Antofagasta,Mejillones,351468 E 7444654 N,19,carga manual,1999-06-01,
86,Concón,ENAP,SGS Chile Ltda.,de Valparaíso,Valparaíso,Concón,264784 E 6354247 N,19,en línea,2002-02-01,
84,Concón MMA,Ministerio del Medio Ambiente,Ministerio del Medio Ambiente,de Valparaíso,Valparaíso,Concón,32926225 E 71512431 N,19,en línea,2017-12-15,
89,Concón sur,ENAP,SGS Chile Ltda.,de Valparaíso,Valparaíso,Concón,263631 E 6353317 N,19,carga manual,2002-05-01,2006-03-01
183,Consultorio - San Vicente,Sub Secretaría del Medio Ambiente,Algoritmos y Mediciones Ambientales SpA,del Biobío,Concepción,Talcahuano,667557 E 5934138 N,18,en línea,2009-01-01,
197,Consultorio Máfil,Celulosa Arauco y Constitución,Luís Alexis Ortiz Romero,de los Ríos,Valdivia,Máfil,635131 E 5607284 N,19,carga manual,2008-01-01,
36,Copiapo Sivica,Ministerio del Medio Ambiente,Algoritmos y Mediciones Ambientales SpA,de Atacama,Copiapó,Copiapó,369133 E 6971887 N,19,en línea,2013-10-18,
37,Copiapó,ENAMI Fundición Hernán Videla Lira,Algoritmos y Mediciones Ambientales SpA,de Atacama,Copiapó,Copiapó,368470 E 6972981 N,19,en línea,1992-10-01,
66,Coquimbo,Ministerio del Medio Ambiente,Algoritmos y Mediciones Ambientales SpA,de Coquimbo,Elqui,Coquimbo,274609 E 6682171 N,19,en línea,2013-12-09,
159,Coronel Norte,Colbún S.A,Algoritmos y Mediciones Ambientales SpA,del Biobío,Concepción,Coronel,664628 E 5902487 N,19,en línea,2005-03-01,
160,Coronel Sur,Colbún S.A,Algoritmos y Mediciones Ambientales SpA,del Biobío,Concepción,Coronel,665556 E 5899980 N,18,en línea,2006-12-02,
132,Coya Población,"Codelco División El Teniente, Superintendencia Ingeniería Fundición","Codelco División El Teniente, Superintendencia Ingeniería Fundición",del Libertador General Bernardo O'Higgins,Cachapoal,Machalí,359047 E 6214212 N,19,en línea,1996-07-01,
210,Coyhaique,Ministerio del Medio Ambiente,Algoritmos y Mediciones Ambientales SpA,Aysén del General Carlos Ibáñez del Campo,Coihaique,Coyhaique,729281 E 4948421 N,18,en línea,2007-03-01,
211,Coyhaique II,Ministerio del Medio Ambiente,Algoritmos y Mediciones Ambientales SpA,Aysén del General Carlos Ibáñez del Campo,Coihaique,Coyhaique,730152 E 4948488 N,18,en línea,2013-09-01,
100,Cuerpo de Bomberos ,Central Termoelectrica Nehuenco,Algoritmos y Mediciones Ambientales SpA,de Valparaíso,Quillota,Quillota,289762 E 6359166 N,19,en línea,1998-11-01,
72,Cuncumen ,Ministerio del Medio Ambiente,Algoritmos y Mediciones Ambientales SpA,de Coquimbo,Choapa,Salamanca,345907 E 6470680 N,19,en línea,2007-01-09,
143,Curicó,Ministerio del Medio Ambiente,Algoritmos y Mediciones Ambientales SpA,del Maule,Curicó,Curicó,296068 E 6127456 N,19,en línea,2012-06-22,
43,Doña Ines,Codelco Divsión El Salvador,NO INFORMADO,de Atacama,Chañaral,Diego de Almagro,452032 E 7076284 N,19,carga manual,1999-01-01,
50,EME F,GUACOLDA ENERGIA S.A.,CESMEC S.A,de Atacama,Huasco,Huasco,282486 E 6849125 N,19,en línea,2000-09-06,
51,EME M,GUACOLDA ENERGIA S.A.,CESMEC S.A,de Atacama,Huasco,Huasco,282763 E 6848691 N,19,en línea,2000-09-06,
52,EME ME,GUACOLDA ENERGIA S.A.,CESMEC S.A,de Atacama,Huasco,Huasco,279008 E 6849199 N,19,en línea,2000-09-06,
168,ENAP Price,ENAP,CESMEC S.A,del Biobío,Concepción,Hualpén,667819 E 5926622 N,18,en línea,2008-08-21,
144,El Boldo,SEREMI de Salud de la Región del Maule,Seremi de Salud Región del Maule,del Maule,Curicó,Curicó,296399 E 6127751 N,19,carga manual,2007-01-01,
117,El Bosque,Ministerio del Medio Ambiente,Ministerio del Medio Ambiente,Metropolitana de Santiago,Santiago,El Bosque,345313 E 6286825 N,19,en línea,1997-04-01,
70,El Mauro,Minera Los Pelambres,SGS Chile Ltda.,de Coquimbo,Choapa,Los Vilos,310031 E 6460710 N,19,carga manual,2006-05-03,
63,El Sauce,Compañía Minera Dayton,Algoritmos y Mediciones Ambientales SpA,de Coquimbo,Elqui,Andacollo,298447 E 6653538 N,19,en línea,2006-07-04,
203,Entre Lagos,Ministerio del Medio Ambiente,"CENMA, Centro Nacional del Medio Ambiente",de los Lagos,Osorno,Osorno,196063 E 5490100 N,18,carga manual,2011-06-16,2011-08-23
176,Entre Ríos,CMPC PULP SpA,Serpram S.A,del Biobío,Biobío,Nacimiento,706873 E 5846693 N,18,en línea,2008-10-01,
161,"Escuadron, ENEL",Enel Generacion Chile S.A.,Serpram S.A,del Biobío,Concepción,Coronel,664643 E 5908666 N,18,en línea,2017-11-01,
162,"Escuadron, ENESA",Electrica Nueva Energia S.A.,,del Biobío,Concepción,Coronel,664532 E 5910874 N,18,en línea,2014-05-01,
31,Escuela E-10,Electroandina S.A.,Mayti SpA,de Antofagasta,Tocopilla,Tocopilla,377352 E 7557219 N,19,en línea,2009-04-02,
33,Escuela E-12,Norgener S.A,CIMM Tecnologías y Servicios S.A.,de Antofagasta,Tocopilla,Tocopilla,376731 E 7556849 N,19,carga manual,2004-06-12,
34,Escuela Gabriela Mistral,Norgener S.A,CIMM Tecnologías y Servicios S.A.,de Antofagasta,Tocopilla,Tocopilla,376518 E 7556323 N,19,carga manual,2004-06-12,
10,Estación Centro,Codelco Distrito Norte,SGS Chile Ltda.,de Antofagasta,El Loa,Calama,507389 E 7516053 N,19,en línea,2013-01-01,
23,Ferrocarriles,EDELNOR S.A.,SGS Chile Ltda.,de Antofagasta,Antofagasta,Mejillones,350205 E 7444908 N,19,carga manual,1997-01-02,
198,Fundo La Ribera,Celulosa Arauco y Constitución,Luís Alexis Ortiz Romero,de los Ríos,Valdivia,Máfil,678287 E 5620971 N,19,carga manual,2008-01-01,
28,Gobernación,Norgener S.A,CESMEC S.A,de Antofagasta,Tocopilla,Tocopilla,376284 E 7556725 N,19,en línea,2011-10-01,
64,Hospital,Compañía Minera Dayton,Algoritmos y Mediciones Ambientales SpA,de Coquimbo,Elqui,Andacollo,299236 E 6654140 N,19,en línea,2006-02-22,
18,Hospital,SQM Industrial S.A.,SQM Industrial S.A.,de Antofagasta,Tocopilla,María Elena,509243 E 7516913 N,19,carga manual,1997-04-02,
11,Hospital el Cobre,Codelco Distrito Norte,SGS Chile Ltda.,de Antofagasta,El Loa,Calama,509239 E 7516917 N,19,en línea,2002-01-01,
75,Hotel Mina,Minera Los Pelambres,SGS Chile Ltda.,de Coquimbo,Choapa,Salamanca,354828 E 6482864 N,19,carga manual,2003-05-07,
170,Hualqui,Sub Secretaría del Medio Ambiente,Sub Secretaria del Medio Ambiente,del Biobío,Concepción,Hualqui,684073 E 5905626 N,18,en línea,2009-01-01,
53,Huasco II,Compañia Minera del Pacifico,Serpram S.A,de Atacama,Huasco,Huasco,281581 E 6849067 N,19,en línea,2013-08-01,
48,Huasco Sivica,Ministerio del Medio Ambiente,Algoritmos y Mediciones Ambientales SpA,de Atacama,Huasco,Huasco,282682 E 6848727 N,19,en línea,2014-02-07,
154,"INIA, Chillán",Sub Secretaría del Medio Ambiente,Sub Secretaria del Medio Ambiente,del Biobío,Ñuble,Chillán,760382 E 5946127 N,18,en línea,2004-05-01,
19,Iglesia,SQM Industrial S.A.,SQM Industrial S.A.,de Antofagasta,Tocopilla,María Elena,431963 E 7528848 N,19,carga manual,1997-04-02,
118,Independencia,Ministerio del Medio Ambiente,Ministerio del Medio Ambiente,Metropolitana de Santiago,Santiago,Independencia,346488 E 6300681 N,19,en línea,1997-03-07,
186,Indura,ENAP,CESMEC S.A,del Biobío,Concepción,Talcahuano,668339 E 5928983 N,18,en línea,2004-07-01,
187,Inpesca,ENAP,CESMEC S.A,del Biobío,Concepción,Talcahuano,669252 E 5932595 N,18,en línea,2004-07-01,
44,Intelec,Codelco Divsión El Salvador,NO INFORMADO,de Atacama,Chañaral,Diego de Almagro,440479 E 7094145 N,19,carga manual,2004-01-18,
169,JUNJI,ENAP,CESMEC S.A,del Biobío,Concepción,Hualpén,668154 E 5927794 N,18,en línea,2004-07-01,
20,Jardín Infantil Integra,ENAEX S.A. Planta Prillex América,Algoritmos y Mediciones Ambientales SpA,de Antofagasta,Antofagasta,Mejillones,352064 E 7444407 N,19,en línea,2000-01-01,
21,Juan Jose Latorre,ENAEX S.A. Planta Prillex América,Algoritmos y Mediciones Ambientales SpA,de Antofagasta,Antofagasta,Mejillones,352346 E 7444100 N,19,en línea,2010-01-01,
87,Junta de Vecinos,ENAP,SGS Chile Ltda.,de Valparaíso,Valparaíso,Concón,263944 E 6353098 N,19,en línea,2002-05-01,
156,Kingston College,Sub Secretaría del Medio Ambiente,Sub Secretaria del Medio Ambiente,del Biobío,Concepción,Concepción,673817 E 5927247 N,18,en línea,2009-01-01,
78,La Calera,NO INFORMADO,NO INFORMADO,de Valparaíso,Quillota,Calera,294940 E 6370730 N,19,carga manual,1999-06-01,
77,"La Cruz, Colbún",Enel,NO INFORMADO,de Valparaíso,Quillota,Calera,291759 E 6363531 N,19,carga manual,2008-01-01,
90,"La Cruz, Melón",Cementos Melon S.A.,NO INFORMADO,de Valparaíso,Quillota,La Cruz,291464 E 6367285 N,19,carga manual,2003-12-23,
119,La Florida,Ministerio del Medio Ambiente,Ministerio del Medio Ambiente,Metropolitana de Santiago,Santiago,La Florida,352504 E 6290304 N,19,en línea,1997-03-24,
146,La Florida,Ministerio del Medio Ambiente,Algoritmos y Mediciones Ambientales SpA,del Maule,Talca,Talca,256889 E 6075395 N,19,en línea,2004-01-01,
95,La Greda,Codelco División Ventanas- AESGENER.S.A,SGS Chile Ltda.,de Valparaíso,Valparaíso,Puchuncaví,268185 E 6373910 N,19,en línea,1992-07-01,
101,La Palma,Central Termoelectrica Nehuenco,Algoritmos y Mediciones Ambientales SpA,de Valparaíso,Quillota,Quillota,2933302 E 6358631 N,19,en línea,2004-11-01,
120,La Pintana,Ministerio del Medio Ambiente,Ministerio del Medio Ambiente,Metropolitana de Santiago,Santiago,La Pintana,348555 E 6279245 N,19,carga manual,2002-01-01,
67,La Serena,Ministerio del Medio Ambiente,Algoritmos y Mediciones Ambientales SpA,de Coquimbo,Elqui,Coquimbo,282211 E 6687896 N,19,en línea,2013-12-10,
196,La Union,Ministerio del Medio Ambiente,Ministerio del Medio Ambiente,de los Ríos,Ranco,La Unión,663446 E 5538659 N,19,en línea,2017-10-05,
163,"Lagunillas, ENEL",Enel Generacion Chile S.A.,Serpram S.A,del Biobío,Concepción,Coronel,664362 E 5905258 N,18,en línea,2009-09-01,
171,Laja,CMPC PULP SpA,Serpram S.A,del Biobío,Biobío,Laja,702974 E 5872964 N,19,en línea,2005-01-01,
121,Las Condes,Ministerio del Medio Ambiente,Ministerio del Medio Ambiente,Metropolitana de Santiago,Santiago,Las Condes,358305 E 6305906 N,19,en línea,1997-04-01,
192,Las Encinas Temuco,Ministerio del Medio Ambiente,Algoritmos y Mediciones Ambientales SpA,de La Araucanía,Cautín,Temuco,706767 E 5708420 N,18,en línea,1999-12-31,
88,Las Gaviotas,ENAP,SGS Chile Ltda.,de Valparaíso,Valparaíso,Concón,267940 E 6355336 N,19,en línea,2002-05-01,
177,Lautaro,CMPC PULP SpA,Serpram S.A,del Biobío,Biobío,Nacimiento,707166 E 5846063 N,18,en línea,2008-10-01,
184,Libertad,Sub Secretaría del Medio Ambiente,Sub Secretaria del Medio Ambiente,del Biobío,Concepción,Talcahuano,132748 E 5928589 N,19,carga manual,2000-06-01,2009-06-30
189,Liceo Polivalente,Sub Secretaría del Medio Ambiente,Algoritmos y Mediciones Ambientales SpA,del Biobío,Concepción,Tomé,682597 E 5947369 N,18,en línea,2009-01-01,
145,Linares,Ministerio del Medio Ambiente,Algoritmos y Mediciones Ambientales SpA,del Maule,Linares,Linares,265805 E 6031030 N,19,en línea,2015-04-30,
92,Lo Campo,Fundicion Chagres de Anglo American Sur S.A.,CESMEC S.A,de Valparaíso,San Felipe de Aconcagua,Panquehue,322275 E 6369529 N,19,en línea,1994-01-01,
107,Loncura,ENEL CHILE S.A.,Servicios y Proyectos Ambientales S.A,de Valparaíso,Valparaíso,Quintero,266226 E 6368689 N,19,en línea,2011-10-01,
91,Los Andes,Ministerio del Medio Ambiente,Algoritmos y Mediciones Ambientales SpA,de Valparaíso,Los Andes,Los Andes,351534 E 6364623 N,19,en línea,2007-11-01,
96,Los Maitenes,Codelco División Ventanas- AESGENER.S.A,SGS Chile Ltda.,de Valparaíso,Valparaíso,Puchuncaví,270073 E 6372171 N,19,en línea,1993-10-01,
38,Los Volcanes,ENAMI Fundición Hernán Videla Lira,Algoritmos y Mediciones Ambientales SpA,de Atacama,Copiapó,Copiapó,371047 E 6971867 N,19,en línea,1992-10-01,
173,Los Ángeles Oriente,Sub Secretaría del Medio Ambiente,Sub Secretaria del Medio Ambiente,del Biobío,Biobío,Los Angeles,736622 E 5850392 N,18,en línea,2012-04-14,
164,Lota rural,Enel Generacion Chile S.A.,INERCO Tecnologia Chile SpA,del Biobío,Concepción,Coronel,664203 E 5892415 N,18,en línea,2009-09-01,
165,Lota urbana,Enel Generacion Chile S.A.,INERCO Tecnologia Chile SpA,del Biobío,Concepción,Coronel,664885 E 5895289 N,18,en línea,2010-06-10,
182,MASISA Mapal,MASISA-MAPAL,CESMEC S.A,del Biobío,Concepción,San Pedro de la Paz,665665 E 5918223 N,18,carga manual,2005-11-08,
139,MVC,Minera Valle Central,SK Ecología S.A.,del Libertador General Bernardo O'Higgins,Cachapoal,Requinoa,338706 E 6212755 N,19,carga manual,2008-07-01,
103,Manzanar,NO INFORMADO,NO INFORMADO,de Valparaíso,Quillota,Quillota,278154 E 6355829 N,19,carga manual,2008-01-01,
98,Meteorológica Principal,Codelco División Ventanas- AESGENER.S.A,SGS Chile Ltda.,de Valparaíso,Valparaíso,Puchuncaví,267310 E 6371939 N,19,carga manual,1992-07-01,
153,"Meteorológica, Chiguayante",INSTITUTO DE INVESTIGACIONES AGROPECUARIAS,INSTITUTO DE INVESTIGACIONES AGROPECUARIAS,del Biobío,Concepción,Chiguayante,674983 E 5912937 N,19,en línea,2005-01-01,2010-02-27
205,Mirasol,Ministerio del Medio Ambiente,Algoritmos y Mediciones Ambientales SpA,de los Lagos,Llanquihue,Puerto Montt,669585 E 5406017 N,18,en línea,2013-06-04,
194,Museo Ferroviario,Ministerio del Medio Ambiente,Algoritmos y Mediciones Ambientales SpA,de La Araucanía,Cautín,Temuco,711144 E 5710911 N,18,carga manual,2009-01-01,
180,Nueva  Aldea,Celulosa Arauco y Constitución,CESMEC S.A,del Biobío,Ñuble,Ránquil,727481 E 5940768 N,18,en línea,2005-05-01,
12,Nueva ChiuChiu,Codelco Distrito Norte,SGS Chile Ltda.,de Antofagasta,El Loa,Calama,536175 E 7529174 N,19,en línea,2019-04-01,
188,Nueva Libertad,Compañía Siderurgica Huachipato,Compañía Siderurgica Huachipato,del Biobío,Concepción,Talcahuano,667962 E 5932742 N,19,en línea,2007-06-12,
13,Oasis,Codelco Distrito Norte,SGS Chile Ltda.,de Antofagasta,El Loa,Calama,508165 E 7515782 N,19,en línea,2012-02-01,
3,Oncológico,Convenio  AIA-CONAMA-SEREMI de Salud,Serpram S.A,de Antofagasta,Antofagasta,Antofagasta,357923 E 7383182 N,19,carga manual,2005-08-23,
202,Osorno,Ministerio del Medio Ambiente,Algoritmos y Mediciones Ambientales SpA,de los Lagos,Osorno,Osorno,659217 E 5505665 N,18,en línea,2008-01-02,
60,Pabellón,ENAMI Fundición Hernán Videla Lira,Algoritmos y Mediciones Ambientales SpA,de Atacama,Copiapó,Tierra Amarilla,378151 E 6940115 N,19,carga manual,1992-10-01,
191,Padre Las Casas,Ministerio del Medio Ambiente,ESETEC,de La Araucanía,Cautín,Padre las Casas,708934 E 5705703 N,19,carga manual,2003-01-01,2009-12-31
190,Padre Las Casas II,Ministerio del Medio Ambiente,Algoritmos y Mediciones Ambientales SpA,de La Araucanía,Cautín,Padre las Casas,708625 E 5706593 N,18,en línea,2012-04-20,
39,Paipote,ENAMI Fundición Hernán Videla Lira,Algoritmos y Mediciones Ambientales SpA,de Atacama,Copiapó,Copiapó,374539 E 6967442 N,19,en línea,1992-10-01,
25,Paposo,Empresa Nacional de Electricidad S.A. Central Taltal,Serpram S.A,de Antofagasta,Antofagasta,Taltal,352352 E 7233451 N,19,carga manual,2000-02-20,
126,Parque O'Higgins,Ministerio del Medio Ambiente,Ministerio del Medio Ambiente,Metropolitana de Santiago,Santiago,Santiago,345673 E 6296019 N,19,en línea,1997-03-08,
4,Playa Blanca,Convenio  AIA-CONAMA-SEREMI de Salud,Serpram S.A,de Antofagasta,Antofagasta,Antofagasta,356498 E 7381134 N,19,carga manual,2007-09-01,
93,Puchuncaví,Codelco División Ventanas- AESGENER.S.A,SGS Chile Ltda.,de Valparaíso,Valparaíso,Puchuncaví,274379 E 6377331 N,19,en línea,1992-07-01,
122,Pudahuel,Ministerio del Medio Ambiente,Ministerio del Medio Ambiente,Metropolitana de Santiago,Santiago,Pudahuel,337311 E 6298809 N,19,en línea,1997-04-01,
123,Puente Alto,Ministerio del Medio Ambiente,Ministerio del Medio Ambiente,Metropolitana de Santiago,Cordillera,Puente Alto,352049 E 6282013 N,19,en línea,2008-05-20,
208,Puerto Varas,Sub Secretaría del Medio Ambiente,Algoritmos y Mediciones Ambientales SpA,de los Lagos,Llanquihue,Puerto Varas,669783 E 5422635 N,18,en línea,2020-04-27,
212,Punta Arenas,Ministerio del Medio Ambiente,Algoritmos y Mediciones Ambientales SpA,de Magallanes y Antártica Chilena,Magallanes,Punta Arenas,371526 E 4108390 N,19,en línea,2013-12-04,
71,Punta Chungo,Minera Los Pelambres,SGS Chile Ltda.,de Coquimbo,Choapa,Los Vilos,264090 E 647024 N,19,carga manual,2003-02-03,
152,Punteras,Sub Secretaría del Medio Ambiente,Algoritmos y Mediciones Ambientales SpA,del Biobío,Concepción,Chiguayante,674923 E 5911833 N,18,en línea,2009-01-01,
26,Punto de Máximo Impacto,Empresa Nacional de Electricidad S.A. Central Taltal,Serpram S.A,de Antofagasta,Antofagasta,Taltal,352524 E 7236146 N,19,carga manual,2000-02-29,
155,Puren,Sub Secretaría del Medio Ambiente,Algoritmos y Mediciones Ambientales SpA,del Biobío,Ñuble,Chillán,759972 E 5943765 N,18,en línea,2012-03-01,
76,Quelen Alto,Minera Los Pelambres,SGS Chile Ltda.,de Coquimbo,Choapa,Salamanca,326384 E 6469765 N,19,carga manual,2005-03-16,
124,Quilicura,Sub Secretaría del Medio Ambiente,Sub Secretaria del Medio Ambiente,Metropolitana de Santiago,Santiago,Quilicura,339594 E 6308625 N,19,en línea,2016-02-06,
125,Quilicura I,Ministerio del Medio Ambiente,Ministerio del Medio Ambiente,Metropolitana de Santiago,Santiago,Quilicura,337356 E 6306788 N,19,carga manual,2008-05-18,
179,Quillón,Celulosa Arauco y Constitución,CESMEC S.A,del Biobío,Ñuble,Quillón,725429 E 5930819 N,18,en línea,2005-05-01,
104,Quilpue,Ministerio del Medio Ambiente,Algoritmos y Mediciones Ambientales SpA,de Valparaíso,Valparaíso,Quilpué,272673 E 6340819 N,19,en línea,2013-12-03,
109,Quintero,Codelco División Ventanas- AESGENER.S.A,SGS Chile Ltda.,de Valparaíso,Valparaíso,Quintero,262528 E 63711087 N,19,en línea,2003-05-01,
136,Rancagua I,Ministerio del Medio Ambiente,Algoritmos y Mediciones Ambientales SpA,del Libertador General Bernardo O'Higgins,Cachapoal,Rancagua,342015 E 6218523 N,19,en línea,2004-05-01,
137,Rancagua II,Ministerio del Medio Ambiente,Algoritmos y Mediciones Ambientales SpA,del Libertador General Bernardo O'Higgins,Cachapoal,Rancagua,339842 E 6220527 N,19,en línea,2013-01-01,
5,Rendic,Convenio  AIA-CONAMA-SEREMI de Salud,Serpram S.A,de Antofagasta,Antofagasta,Antofagasta,359138 E 7387995 N,19,carga manual,2005-07-01,
138,Rengo,Ministerio del Medio Ambiente,Algoritmos y Mediciones Ambientales SpA,del Libertador General Bernardo O'Higgins,Cachapoal,Rengo,329665 E 6192542 N,19,en línea,2007-04-01,
82,Romeral,Fundicion Chagres de Anglo American Sur S.A.,CESMEC S.A,de Valparaíso,San Felipe de Aconcagua,Catemu,312181 E 6366428 N,19,en línea,1994-01-01,
79,Rural 1,NO INFORMADO,NO INFORMADO,de Valparaíso,Quillota,Calera,195815 E 6371858 N,19,carga manual,1999-06-01,
54,SM1 ,GUACOLDA ENERGIA S.A.,CESMEC S.A,de Atacama,Huasco,Huasco,279357 E 6845277 N,19,en línea,2000-09-06,
55,SM2,GUACOLDA ENERGIA S.A.,CESMEC S.A,de Atacama,Huasco,Huasco,286412 E 6849717 N,19,en línea,2000-09-06,
56,SM3 ,GUACOLDA ENERGIA S.A.,CESMEC S.A,de Atacama,Huasco,Huasco,286750 E 6848592 N,19,en línea,2000-09-06,
57,SM4 ,GUACOLDA ENERGIA S.A.,CESMEC S.A,de Atacama,Huasco,Huasco,287841 E 6847562 N,19,en línea,2000-09-06,
58,SM5 ,GUACOLDA ENERGIA S.A.,CESMEC S.A,de Atacama,Huasco,Huasco,289916 E 6847254 N,19,en línea,2000-09-06,
45,SM6 ,GUACOLDA ENERGIA S.A.,CESMEC S.A,de Atacama,Huasco,Freirina,291871 E 6845160 N,19,en línea,2000-09-06,
46,SM7 ,GUACOLDA ENERGIA S.A.,CESMEC S.A,de Atacama,Huasco,Freirina,294836 E 6845838 N,19,en línea,2000-09-06,
47,SM8 ,GUACOLDA ENERGIA S.A.,CESMEC S.A,de Atacama,Huasco,Freirina,296285 E 6844810 N,19,en línea,2000-09-06,
181,San Carlos,,Algoritmos y Mediciones Ambientales SpA,del Biobío,Ñuble,San Carlos,762354 E 5953627 N,18,en línea,2021-08-20,
141,San Fernando,Ministerio del Medio Ambiente,Algoritmos y Mediciones Ambientales SpA,del Libertador General Bernardo O'Higgins,Colchagua,San Fernando,317503 E 6171746 N,19,en línea,2007-04-01,
40,San Fernando,ENAMI Fundición Hernán Videla Lira,Algoritmos y Mediciones Ambientales SpA,de Atacama,Copiapó,Copiapó,371592 E 6969334 N,19,en línea,1992-10-01,
135,San Francisco de Mostazal,Colbún S.A,Serpram S.A,del Libertador General Bernardo O'Higgins,Cachapoal,Mostazal,342567 E 6238686 N,19,carga manual,2004-01-21,
16,San José,Codelco Distrito Norte,CIMM Tecnologías y Servicios S.A.,de Antofagasta,El Loa,Calama,507229 E 7532289 N,19,carga manual,1994-05-02,
102,San Pedro,Central Termoelectrica Nehuenco,Algoritmos y Mediciones Ambientales SpA,de Valparaíso,Quillota,Quillota,287372 E 6353370 N,19,en línea,1998-11-01,
185,"San Vicente, Bomberos",Sub Secretaría del Medio Ambiente,Sub Secretaria del Medio Ambiente,del Biobío,Concepción,Talcahuano,667625 E 5934339 N,18,carga manual,2000-01-01,2013-10-08
83,Santa Margarita,Fundicion Chagres de Anglo American Sur S.A.,CESMEC S.A,de Valparaíso,San Felipe de Aconcagua,Catemu,318469 E 6371812 N,19,en línea,1994-01-01,
14,Servicio Médico Legal,Codelco Distrito Norte,CIMM Tecnologías y Servicios S.A.,de Antofagasta,El Loa,Calama,505383 E 7516195 N,19,carga manual,2008-04-11,
133,Sewell,Codelco Divsión El Teniente,"Codelco, División El Teniente, Gerencia Fundición",del Libertador General Bernardo O'Higgins,Cachapoal,Machalí,372504 E 6227642 N,19,carga manual,1992-08-01,
24,Sierra Gorda ,Sierra Gorda SCM,Servicios y Tecnología Ltda.,de Antofagasta,Antofagasta,Sierra Gorda,467298 E 7468596 N,19,en línea,2012-08-15,
129,Subestación Candelaria,Colbún S.A,Serpram S.A,del Libertador General Bernardo O'Higgins,Cachapoal,Codegua,351495 E 6233158 N,19,carga manual,2004-01-01,
29,Super Site,ENGIE Energia Chile S.A.,Algoritmos y Mediciones Ambientales SpA,de Antofagasta,Tocopilla,Tocopilla,377404 E 7557193 N,19,en línea,2017-12-12,
35,Sur,Electroandina S.A.,Algoritmos y Mediciones Ambientales SpA,de Antofagasta,Tocopilla,Tocopilla,374794 E 7554836 N,19,carga manual,2004-03-01,
110,Sur,Codelco División Ventanas- AESGENER.S.A,SGS Chile Ltda.,de Valparaíso,Valparaíso,Quintero,267461 E 6368037 N,19,en línea,1993-10-01,
6,Sur,"Complejo Metalúrgico Altonorte, Xstrata Copper Chile S.A.",Serpram S.A,de Antofagasta,Antofagasta,Antofagasta,366690 E 7363604 N,19,carga manual,1998-01-01,
127,Talagante,Ministerio del Medio Ambiente,Ministerio del Medio Ambiente,Metropolitana de Santiago,Talagante,Talagante,318945 E 6272298 N,19,en línea,2008-05-22,
149,"Teno, CEMENTOS BIO BIO",Cementos Bio Bio Centro S.A.,Serpram S.A,del Maule,Curicó,Teno,302204 E 6139464 N,19,carga manual,2008-03-10,
150,"Teno, ENLASA",ENLASA Generación Chile S.A.,Algoritmos y Mediciones Ambientales SpA,del Maule,Curicó,Teno,305205 E 6140221 N,19,carga manual,2009-06-01,
99,Terminal Concentrados,Puerto Ventanas S.A,NO INFORMADO,de Valparaíso,Valparaíso,Puchuncaví,267640 E 6373585 N,19,carga manual,1999-06-01,2005-05-01
59,Tierra Amarilla,ENAMI Fundición Hernán Videla Lira,Algoritmos y Mediciones Ambientales SpA,de Atacama,Copiapó,Tierra Amarilla,6960567 E 375128 N,19,en línea,1992-10-01,
140,Totihue,Saint Gobain Envases S.A,CESMEC S.A,del Libertador General Bernardo O'Higgins,Cachapoal,Requinoa,335025 E 6199971 N,19,carga manual,2006-07-01,
206,Trapén Norte,ENLASA Generación Chile S.A.,Ambiente y Tecnología,de los Lagos,Llanquihue,Puerto Montt,661451 E 5402767 N,18,carga manual,2009-03-03,
207,Trapén Sur,ENLASA Generación Chile S.A.,Ambiente y Tecnología,de los Lagos,Llanquihue,Puerto Montt,659539 E 5401873 N,19,carga manual,2009-03-24,
30,Tres Marias,Norgener S.A,CESMEC S.A,de Antofagasta,Tocopilla,Tocopilla,377485 E 7560029 N,19,en línea,2015-11-05,
147,U.C. Maule,Ministerio del Medio Ambiente,Algoritmos y Mediciones Ambientales SpA,del Maule,Talca,Talca,262216 E 6075477 N,19,en línea,2013-03-21,
148,Universidad de Talca,Ministerio del Medio Ambiente,Algoritmos y Mediciones Ambientales SpA,del Maule,Talca,Talca,260878 E 6078683 N,19,en línea,2013-01-01,
65,Urmeneta - Plaza Centenario,Compañía Minera Teck Carmen de Andacollo,Compañia Minera Teck Carmen de Andacollo,de Coquimbo,Elqui,Andacollo,299480 E 6653245 N,19,en línea,2005-01-02,
200,Valdivia,Ministerio del Medio Ambiente,Algoritmos y Mediciones Ambientales SpA,de los Ríos,Valdivia,Valdivia,651593 E 5589460 N,18,en línea,2008-01-17,
201,Valdivia 2,Ministerio del Medio Ambiente,Algoritmos y Mediciones Ambientales SpA,de los Ríos,Valdivia,Valdivia,649060 E 5592376 N,18,en línea,2018-11-03,
111,Valle Alegre,Codelco División Ventanas- AESGENER.S.A,SGS Chile Ltda.,de Valparaíso,Valparaíso,Quintero,271889 E 6367413 N,19,en línea,1992-07-01,
112,Valparaiso,Ministerio del Medio Ambiente,Algoritmos y Mediciones Ambientales SpA,de Valparaíso,Valparaíso,Valparaíso,255891 E 6340183 N,19,en línea,2013-11-07,
97,Ventanas,Codelco División Ventanas- AESGENER.S.A,SGS Chile Ltda.,de Valparaíso,Valparaíso,Puchuncaví,267547 E 6474609 N,19,en línea,2013-01-01,
209,Vialidad,Ministerio del Medio Ambiente,Ministerio del Medio Ambiente,Aysén del General Carlos Ibáñez del Campo,Aysén,Aysén,680977 E 4969547 N,18,en línea,2017-10-20,
17,Villa Caspana,Codelco Distrito Norte,CIMM Tecnologías y Servicios S.A.,de Antofagasta,El Loa,Calama,507410 E 7514595 N,19,carga manual,1994-05-02,2008-04-08
199,Vivero Los Castaños,Celulosa Arauco y Constitución,Luís Alexis Ortiz Romero,de los Ríos,Valdivia,Máfil,660388 E 5601696 N,19,carga manual,2008-01-01,
113,Viña del Mar,Ministerio del Medio Ambiente,Algoritmos y Mediciones Ambientales SpA,de Valparaíso,Valparaíso,Viña del Mar,261803 E 6343569 N,19,en línea,2004-07-01,
193,Ñielol,Ministerio del Medio Ambiente,Sub Secretaria del Medio Ambiente,de La Araucanía,Cautín,Temuco,710378 E 5710745 N,18,en línea,2017-05-10,
