Country,Name,POS,AGE,HT,WT
Argentina,Franco Armani,G,35,"6'2""",194 lbs
Argentina,Emiliano Martinez,G,30,"6'4""",196 lbs
Argentina,Geronimo Rulli,G,30,"6'2""",185 lbs
Argentina,Marcos Acuna,D,30,"5'7""",152 lbs
Argentina,Juan Foyth,D,24,"5'10""",152 lbs
Argentina,Lisandro Martinez,D,24,"5'10""",158 lbs
Argentina,Facundo Medina,D,23,"6'0""",-
Argentina,Nahuel Molina,D,24,"5'8""",152 lbs
Argentina,Gonzalo Montiel,D,25,"5'10""",152 lbs
Argentina,Nicolas Otamendi,D,34,"6'0""",182 lbs
Argentina,Nehuen Perez,D,22,"6'0""",167 lbs
Argentina,German Pezzella,D,31,"6'1""",180 lbs
Argentina,Cristian Romero,D,24,"6'0""",174 lbs
Argentina,Marcos Senesi,D,25,"6'0""",176 lbs
Argentina,Nicolas Tagliafico,D,30,"5'7""",147 lbs
Argentina,Thiago Almada,M,21,"5'7""",136 lbs
Argentina,Angel Correa,M,27,"5'7""",149 lbs
Argentina,Rodrigo De Paul,M,28,"5'9""",156 lbs
Argentina,Angel Di Maria,M,34,"5'10""",165 lbs
Argentina,Enzo Jeremias Fernandez,M,21,"5'10""",147 lbs
Argentina,Papu Gomez,M,34,"5'5""",149 lbs
Argentina,Giovani Lo Celso,M,26,"5'9""",163 lbs
Argentina,Alexis MacAllister,M,23,"5'9""",154 lbs
Argentina,Exequiel Palacios,M,24,"5'9""",156 lbs
Argentina,Leandro Paredes,M,28,"5'10""",165 lbs
Argentina,Guido Rodriguez,M,28,"6'0""",171 lbs
Argentina,Julian Alvarez,F,22,"5'6""",156 lbs
Argentina,Lucas Boye,F,26,"6'0""",178 lbs
Argentina,Joaquin Correa,F,28,"6'2""",169 lbs
Argentina,Paulo Dybala,F,28,"5'10""",165 lbs
Argentina,Nicolas Gonzalez,F,24,"5'10""",158 lbs
Argentina,Lautaro Martinez,F,25,"5'8""",176 lbs
Argentina,Lionel Messi,F,35,"5'6""",147 lbs
Australia,Adam Federici,G,37,"6'2""",198 lbs
Australia,Paul Izzo,G,27,"6'0""",178 lbs
Australia,Mitch Langerak,G,34,"6'3""",171 lbs
Australia,Andrew Redmayne,G,33,"6'4""",185 lbs
Australia,Mathew Ryan,G,30,"6'0""",180 lbs
Australia,Lawrence Thomas,G,30,"6'1""",176 lbs
Australia,Danny Vukovic,G,37,"6'1""",207 lbs
Australia,Aziz Behich,D,31,"5'6""",138 lbs
Australia,Jason Davidson,D,31,"5'10""",158 lbs
Australia,Milos Degenek,D,28,"6'1""",176 lbs
Australia,Thomas Deng,D,25,"5'11""",160 lbs
Australia,Callum Elder,D,27,"5'10""",147 lbs
Australia,Alexander Gersbach,D,25,"6'0""",160 lbs
Australia,Curtis Good,D,29,"6'1""",187 lbs
Australia,Rhyan Grant,D,31,"5'8""",169 lbs
Australia,Matthew Jurman,D,32,"6'3""",191 lbs
Australia,Fran Karacic,D,26,"5'11""",165 lbs
Australia,Joel King,D,21,-,-
Australia,Mark Milligan,D,37,"5'10""",171 lbs
Australia,Josh Risdon,D,30,"5'6""",154 lbs
Australia,Kye Rowles,D,24,"6'0""",198 lbs
Australia,Trent Sainsbury,D,30,"6'0""",167 lbs
Australia,Bradley Shaun Smith,D,28,"5'10""",154 lbs
Australia,Harry Souttar,D,23,"6'5""",176 lbs
Australia,Ruon Tongyik,D,25,"6'0""",176 lbs
Australia,Alex Wilkinson,D,38,"6'1""",182 lbs
Australia,Bailey Wright,D,30,"6'0""",185 lbs
Australia,Mohammad Amini,M,29,"5'8""",156 lbs
Australia,Nathaniel Atkinson,M,23,-,-
Australia,Brandon Borrello,M,27,"5'10""",174 lbs
Australia,Kenny Dougall,M,29,"5'11""",174 lbs
Australia,Denis Genreau,M,23,"5'6""",143 lbs
Australia,Craig Goodwin,M,30,"5'10""",160 lbs
Australia,James Holland,M,33,"5'11""",167 lbs
Australia,Ajdin Hrustic,M,26,"6'0""",154 lbs
Australia,Christopher Ikonomidis,M,27,"5'10""",176 lbs
Australia,Jackson Irvine,M,29,"6'2""",169 lbs
Australia,James Jeggo,M,30,"5'10""",156 lbs
Australia,Mathew Leckie,M,31,"5'11""",185 lbs
Australia,Massimo Luongo,M,30,"5'9""",167 lbs
Australia,Awer Mabil,M,27,"5'10""",143 lbs
Australia,Riley McGree,M,23,"5'10""",158 lbs
Australia,Conor Metcalfe,M,22,"5'10""",154 lbs
Australia,Aaron Mooy,M,32,"5'8""",158 lbs
Australia,Tom Rogic,M,29,"6'2""",194 lbs
Australia,Gianni Stensness,M,23,"6'0""",-
Australia,Ryan Strain,M,25,"5'11""",167 lbs
Australia,Daniel Arzani,F,23,"5'8""",160 lbs
Australia,Martin Boyle,F,29,"5'10""",116 lbs
Australia,Nicholas D'Agostino,F,24,"5'8""",169 lbs
Australia,Mitchell Duke,F,31,"6'1""",185 lbs
Australia,Ben Folami,F,23,"5'6""",154 lbs
Australia,Bruno Fornaroli,F,35,"5'8""",149 lbs
Australia,Apostolos Giannou,F,32,"6'4""",187 lbs
Australia,Robbie Kruse,F,34,"5'10""",145 lbs
Australia,Jamie MacLaren,F,29,"5'10""",158 lbs
Australia,Ryan McGowan,F,33,"5'8""",149 lbs
Australia,Andrew Nabbout,F,29,"5'10""",187 lbs
Australia,Dimitri Petratos,F,29,"5'9""",158 lbs
Australia,Nikita Rukavytsya,F,35,"6'0""",165 lbs
Australia,Adam Taggart,F,29,"5'10""",160 lbs
Australia,Marco Tilio,F,21,-,-
Belgium,Koen Casteels,G,30,"6'5""",171 lbs
Belgium,Thibaut Courtois,G,30,"6'6""",211 lbs
Belgium,Simon Mignolet,G,34,"6'3""",191 lbs
Belgium,Toby Alderweireld,D,33,"6'1""",178 lbs
Belgium,Timothy Castagne,D,26,"6'0""",176 lbs
Belgium,Zeno Debast,D,18,"6'3""",-
Belgium,Thomas Meunier,D,31,"6'3""",198 lbs
Belgium,Arthur Theate,D,22,"6'3""",-
Belgium,Jan Vertonghen,D,35,"6'2""",174 lbs
Belgium,Yannick Carrasco,M,29,"5'10""",147 lbs
Belgium,Kevin De Bruyne,M,31,"5'11""",149 lbs
Belgium,Charles De Ketelaere,M,21,"6'3""",-
Belgium,Thorgan Hazard,M,29,"5'8""",156 lbs
Belgium,Amadou Mvom Onana,M,21,"6'2""",-
Belgium,Alexis Saelemaekers,M,23,"5'10""",158 lbs
Belgium,Youri Tielemans,M,25,"5'9""",158 lbs
Belgium,Hans Vanaken,M,30,"6'4""",169 lbs
Belgium,Axel Witsel,M,33,"6'1""",178 lbs
Belgium,Michy Batshuayi,F,29,"6'0""",171 lbs
Belgium,Eden Hazard,F,31,"5'8""",163 lbs
Belgium,Dodi Lukebakio,F,25,"6'1""",169 lbs
Belgium,Lois Openda,F,22,"5'8""",154 lbs
Belgium,Leandro Trossard,F,27,"5'7""",134 lbs
Brazil,Alisson,G,30,"6'3""",200 lbs
Brazil,Ederson,G,29,"6'2""",189 lbs
Brazil,Weverton,G,34,"6'2""",196 lbs
Brazil,Dani Alves,D,39,"5'7""",149 lbs
Brazil,Guilherme Arana,D,25,"5'9""",165 lbs
Brazil,Bremer,D,25,"6'2""",176 lbs
Brazil,Danilo,D,31,"6'0""",171 lbs
Brazil,Roger Ibanez,D,23,"6'1""",160 lbs
Brazil,Renan Lodi,D,24,"5'8""",149 lbs
Brazil,Gabriel Magalhaes,D,24,"6'2""",191 lbs
Brazil,Marquinhos,D,28,"6'0""",165 lbs
Brazil,Eder Militao,D,24,"6'1""",171 lbs
Brazil,Leo Ortiz,D,26,"6'0""",180 lbs
Brazil,Alex Sandro,D,31,"5'11""",145 lbs
Brazil,Thiago Silva,D,38,"6'0""",174 lbs
Brazil,Alex Telles,D,29,"5'11""",145 lbs
Brazil,Casemiro,M,30,"6'0""",185 lbs
Brazil,Philippe Coutinho,M,30,"5'7""",149 lbs
Brazil,Fabinho,M,28,"6'2""",171 lbs
Brazil,Fred,M,29,"5'6""",141 lbs
Brazil,Bruno Guimaraes,M,24,"5'11""",171 lbs
Brazil,Danilo Oliveira,M,21,"5'9""",-
Brazil,Lucas Paqueta,M,25,"5'10""",158 lbs
Brazil,Everton Ribeiro,M,33,"5'8""",154 lbs
Brazil,Matheus Cunha,F,23,"6'0""",165 lbs
Brazil,Roberto Firmino,F,31,"5'11""",167 lbs
Brazil,Gabriel Jesus,F,25,"5'8""",160 lbs
Brazil,Vinicius Junior,F,22,"5'9""",160 lbs
Brazil,Gabriel Martinelli,F,21,"5'10""",-
Brazil,Neymar,F,30,"5'8""",149 lbs
Brazil,Pedro,F,25,"6'0""",171 lbs
Brazil,Raphinha,F,25,"5'9""",149 lbs
Brazil,Richarlison,F,25,"5'10""",156 lbs
Brazil,Rodrygo,F,21,"5'8""",141 lbs
Brazil,Antony Santos,F,22,"5'8""",-
Cameroon,Jean Efala Komguep,G,30,"5'8""",-
Cameroon,Devis Epassy,G,29,"6'1""",180 lbs
Cameroon,Carlos Kameni,G,40,"6'1""",189 lbs
Cameroon,Simon Omossola,G,24,-,-
Cameroon,Andre Onana,G,26,"6'1""",200 lbs
Cameroon,Fabrice Ondoa,G,26,"6'0""",191 lbs
Cameroon,Yaya Banana,D,31,"6'3""",194 lbs
Cameroon,Gaetan Bong,D,34,"6'0""",163 lbs
Cameroon,Jean-Charles Castelletto,D,27,"6'1""",171 lbs
Cameroon,Joyskim Dawa Tchakonte,D,26,"6'4""",-
Cameroon,Enzo Ebosse,D,23,"6'0""",-
Cameroon,Collins Fai,D,30,"5'5""",154 lbs
Cameroon,Jean-Armel Kana-Biyik,D,33,"6'0""",189 lbs
Cameroon,Olivier Mbaizo,D,25,"5'10""",156 lbs
Cameroon,Harold Moukoudi,D,24,"6'3""",163 lbs
Cameroon,Michael Ngadeu,D,31,"6'2""",205 lbs
Cameroon,Jerome Onguene,D,24,"6'1""",171 lbs
Cameroon,Ambroise Oyongo,D,31,"5'9""",154 lbs
Cameroon,Duplexe Tchamba,D,24,"6'3""",-
Cameroon,Nouhou Tolo,D,25,"5'10""",174 lbs
Cameroon,Olivier Boumal,M,33,"5'10""",163 lbs
Cameroon,Jeando Fuchs,M,25,"5'8""",154 lbs
Cameroon,Martin Hongla,M,24,"5'11""",169 lbs
Cameroon,Wilfrid Kaptoum,M,26,"5'8""",158 lbs
Cameroon,Pierre Kunde,M,27,"5'10""",189 lbs
Cameroon,James Lea Siliki,M,26,"6'0""",160 lbs
Cameroon,Georges Mandjeck,M,33,"6'0""",158 lbs
Cameroon,Nicolas Moumi Ngamaleu,M,28,"5'11""",156 lbs
Cameroon,Yvan Neyou,M,25,"5'10""",-
Cameroon,Olivier Ntcham,M,26,"5'10""",176 lbs
Cameroon,Jean Onana,M,22,"6'2""",-
Cameroon,Gael Ondua,M,26,"6'0""",176 lbs
Cameroon,Samuel Oum Gouet,M,24,"6'0""",165 lbs
Cameroon,Kevin Soni,M,24,"6'0""",167 lbs
Cameroon,Arnaud Gilles Sutchuin Djoum,M,33,"6'0""",165 lbs
Cameroon,Andre Zambo Anguissa,M,26,"6'0""",171 lbs
Cameroon,Vincent Aboubakar,F,30,"6'0""",174 lbs
Cameroon,Stephane Bahoken,F,30,"6'0""",194 lbs
Cameroon,Christian Bassogog,F,26,"5'8""",165 lbs
Cameroon,Eric Maxim Choupo-Moting,F,33,"6'3""",198 lbs
Cameroon,Karl Toko Ekambi,F,30,"6'0""",171 lbs
Cameroon,Ignatius Kpene Ganago,F,23,"5'10""",180 lbs
Cameroon,Joel,F,28,"5'10""",171 lbs
Cameroon,Clinton N'Jie,F,29,"5'8""",149 lbs
Cameroon,Leandre Gael Tawamba Kana,F,32,"6'2""",209 lbs
Cameroon,Patient Gouegoue Wassou,F,18,-,-
Cameroon,Jacques Zoua,F,31,"6'1""",185 lbs
Canada,Milan Borjan,G,34,"6'4""",182 lbs
Canada,Maxime Crepeau,G,28,"6'0""",194 lbs
Canada,Thomas Hasal,G,23,"6'2""",174 lbs
Canada,Jayson Leutwiler,G,33,"6'3""",176 lbs
Canada,James Pantemis,G,25,"6'0""",167 lbs
Canada,Dayne St. Clair,G,25,"6'3""",165 lbs
Canada,Sam Adekugbe,D,27,"5'9""",165 lbs
Canada,Zorhan Bassong,D,23,"5'10""",-
Canada,Clement Bayiha,D,23,"5'8""",154 lbs
Canada,Zachary Brault-Guillard,D,23,"5'7""",145 lbs
Canada,Derek Austin Cornelius,D,24,"6'1""",189 lbs
Canada,Alphonso Davies,D,21,"6'0""",165 lbs
Canada,Amer Didic,D,27,"6'4""",194 lbs
Canada,Ricardo Ferreira,D,29,"6'2""",167 lbs
Canada,Marcus Godinho,D,25,"5'10""",154 lbs
Canada,Cristian Gutierrez,D,25,"5'11""",143 lbs
Canada,Doneil Jor-Dee Ashley Henry,D,29,"6'2""",194 lbs
Canada,Alistair Johnston,D,24,"5'10""",169 lbs
Canada,Scott Kennedy,D,25,"6'2""",-
Canada,Kamal Miller,D,25,"6'0""",-
Canada,Ashtone Morgan,D,31,"5'10""",165 lbs
Canada,Tyler Pasher,D,28,"5'7""",160 lbs
Canada,Frank Sturing,D,25,"6'1""",-
Canada,Steven Vitoria,D,35,"6'4""",189 lbs
Canada,Joel Waterman,D,26,"6'2""",163 lbs
Canada,Dominick Zator,D,28,"6'2""",180 lbs
Canada,Scott Arfield,M,33,"5'10""",154 lbs
Canada,Michael Baldisimo,M,22,"5'6""",165 lbs
Canada,Jay Chapman,M,28,"6'0""",156 lbs
Canada,Mathieu Choiniere,M,23,"5'8""",149 lbs
Canada,Mauro Eustaquio,M,29,"6'0""",158 lbs
Canada,Stephen Eustaquio,M,25,"5'10""",154 lbs
Canada,Liam Fraser,M,24,"6'0""",185 lbs
Canada,Junior Hoilett,M,32,"5'8""",154 lbs
Canada,Atiba Hutchinson,M,39,"6'1""",182 lbs
Canada,Mark-Anthony Kaye,M,27,"6'0""",154 lbs
Canada,Ismael Kone,M,20,"6'2""",167 lbs
Canada,Richie Laryea,M,27,"5'8""",149 lbs
Canada,Jahkeele Marshall-Rutty,M,18,"5'8""",138 lbs
Canada,Liam Millar,M,23,"5'9""",-
Canada,Noble Okello,M,22,"6'4""",169 lbs
Canada,Jonathan Osorio,M,30,"5'8""",160 lbs
Canada,Harry Paton,M,24,"5'8""",154 lbs
Canada,Samuel Piette,M,27,"5'7""",160 lbs
Canada,Ralph Priso,M,20,"5'9""",171 lbs
Canada,Ryan Raposo,M,23,"5'6""",138 lbs
Canada,Russell Teibert,M,29,"5'6""",149 lbs
Canada,Kristopher Twardek,M,25,"6'3""",174 lbs
Canada,David Wotherspoon,M,32,"5'11""",167 lbs
Canada,Tesho Akindele,F,30,"6'1""",169 lbs
Canada,Ayo Akinola,F,22,"5'10""",180 lbs
Canada,Theo Bair,F,23,"6'3""",213 lbs
Canada,Charles-Andreas Brym,F,24,"5'10""",149 lbs
Canada,Tajon Buchanan,F,23,"6'0""",152 lbs
Canada,Lucas Cavallini,F,29,"5'11""",189 lbs
Canada,Theodor Corbeanu,F,20,"6'2""",-
Canada,Jonathan David,F,22,"5'9""",-
Canada,Caniggia Elva,F,26,"5'10""",178 lbs
Canada,Marcelo Flores,F,19,"6'0""",-
Canada,Daniel Jebbison,F,19,"6'2""",-
Canada,Cyle Larin,F,27,"6'2""",198 lbs
Canada,Jayden Nelson,F,20,"5'6""",145 lbs
Canada,Tosaint Ricketts,F,35,"6'0""",169 lbs
Canada,Jacob Shaffelburg,F,22,"5'10""",149 lbs
Canada,Ike Ugbo,F,24,"6'0""",-
Canada,Jules Anthony Vilsaint,F,19,-,-
Costa rica,Esteban Alvarado Brown,G,33,"6'3""",178 lbs
Costa rica,Kevin Briceno,G,30,"6'0""",-
Costa rica,Aaron Cruz,G,31,"5'11""",-
Costa rica,Leonel Moreira,G,32,"5'10""",154 lbs
Costa rica,Keylor Navas,G,35,"6'0""",176 lbs
Costa rica,Bryan Segura,G,25,"5'10""",-
Costa rica,Patrick Sequeira,G,23,-,-
Costa rica,Ricardo Jose Blanco Mora,D,33,-,-
Costa rica,Francisco Calvo,D,30,"5'10""",171 lbs
Costa rica,Daniel Chacon Salas,D,21,"5'9""",-
Costa rica,Oscar Duarte,D,33,"6'1""",178 lbs
Costa rica,Keysher Fuller Spence,D,28,"6'0""",-
Costa rica,Giancarlo Gonzalez,D,34,"6'1""",171 lbs
Costa rica,Ian Elijah Lawrence Escoe,D,20,-,-
Costa rica,Yael Lopez,D,23,"5'10""",-
Costa rica,Carlos Martinez,D,23,-,-
Costa rica,Ronald Matarrita,D,28,"5'8""",154 lbs
Costa rica,Joseph Mora,D,29,-,-
Costa rica,Bryan Oviedo,D,32,"5'7""",154 lbs
Costa rica,Aaron Salazar,D,23,"5'11""",-
Costa rica,Juan Pablo Vargas Campos,D,27,"6'3""",194 lbs
Costa rica,Kendall Waston,D,34,"6'5""",191 lbs
Costa rica,Brandon Aguilera,M,-,-,-
Costa rica,Jewison Francisco Bennette Villegas,M,18,-,-
Costa rica,Celso Borges,M,34,"6'1""",174 lbs
Costa rica,Jefferson Brenes,M,25,"5'8""",-
Costa rica,Allan Cruz,M,26,"5'6""",156 lbs
Costa rica,Luis Diaz,M,23,"5'10""",158 lbs
Costa rica,Orlando Moises Galo Calderon,M,22,-,-
Costa rica,David Guzman,M,32,"5'10""",171 lbs
Costa rica,Randall Leal,M,25,"5'6""",154 lbs
Costa rica,Douglas Andrey Lopez Araya,M,24,"5'10""",-
Costa rica,Jimmy Marin,M,25,"5'6""",-
Costa rica,Adrian Alonso Martinez Batista,M,23,"5'9""",-
Costa rica,Bryan Ruiz,M,37,"6'2""",176 lbs
Costa rica,Youstin Delfin Salas Gomez,M,26,"5'8""",-
Costa rica,Aaron Rene Suarez Zuniga,M,20,-,-
Costa rica,Yeltsin Tejeda,M,30,"5'10""",147 lbs
Costa rica,Gerson Torres Barrantes,M,25,"5'9""",138 lbs
Costa rica,Jefry Valverde,M,27,-,-
Costa rica,Bernald Alfaro,F,25,"5'9""",-
Costa rica,Felicio Brown Forbes,F,31,"6'2""",178 lbs
Costa rica,Joel Campbell,F,30,"5'10""",171 lbs
Costa rica,Anthony Daniel Contreras Enriquez,F,22,"5'10""",-
Costa rica,Ariel Lassiter,F,28,"5'10""",154 lbs
Costa rica,Ariel Lassiter,F,28,-,-
Costa rica,Jurguens Montenegro,F,21,-,-
Costa rica,Carlos Mora,F,21,"5'10""",-
Costa rica,Jose Guillermo Ortiz Picado,F,30,"5'8""",152 lbs
Costa rica,Ariel Rodriguez,F,33,"5'9""",169 lbs
Costa rica,Johan Venegas,F,33,"6'0""",167 lbs
Croatia,Ivica Ivusic,G,27,"6'4""",187 lbs
Croatia,Lovre Kalinic,G,32,"6'7""",211 lbs
Croatia,Nediljko Labrovic,G,23,"6'5""",200 lbs
Croatia,Dominik Livakovic,G,27,"6'1""",174 lbs
Croatia,Borna Barisic,D,29,"6'1""",-
Croatia,Duje Caleta-Car,D,26,"6'3""",196 lbs
Croatia,Martin Erlic,D,24,"6'3""",171 lbs
Croatia,Josko Gvardiol,D,20,"6'0""",176 lbs
Croatia,Josip Juranovic,D,27,"5'8""",152 lbs
Croatia,Dejan Lovren,D,33,"6'2""",194 lbs
Croatia,Marin Pongracic,D,25,"6'2""",209 lbs
Croatia,Borna Sosa,D,24,"6'1""",174 lbs
Croatia,Josip Stanisic,D,22,"6'1""",169 lbs
Croatia,Josip Sutalo,D,22,"6'0""",-
Croatia,Domagoj Vida,D,33,"6'0""",160 lbs
Croatia,Marcelo Brozovic,M,29,"5'11""",149 lbs
Croatia,Luka Ivanusec,M,23,"5'8""",167 lbs
Croatia,Kristijan Jakic,M,25,"5'11""",165 lbs
Croatia,Mateo Kovacic,M,28,"5'10""",169 lbs
Croatia,Lovro Majer,M,24,"5'10""",165 lbs
Croatia,Luka Modric,M,37,"5'7""",145 lbs
Croatia,Mario Pasalic,M,27,"6'1""",171 lbs
Croatia,Ivan Perisic,M,33,"6'1""",169 lbs
Croatia,Luka Sucic,M,20,"6'0""",176 lbs
Croatia,Nikola Vlasic,M,25,"5'10""",158 lbs
Croatia,Josip Brekalo,F,24,"5'8""",154 lbs
Croatia,Ante Budimir,F,31,"6'2""",165 lbs
Croatia,Andrej Kramaric,F,31,"5'9""",160 lbs
Croatia,Marko Livaja,F,29,"5'11""",176 lbs
Croatia,Mislav Orsic,F,29,"5'10""",152 lbs
Croatia,Bruno Petkovic,F,28,"6'3""",194 lbs
Denmark,Oliver Christensen,G,23,"6'2""",180 lbs
Denmark,Frederik Ronnow,G,30,"6'2""",178 lbs
Denmark,Kasper Schmeichel,G,35,"6'2""",196 lbs
Denmark,Joachim Andersen,D,26,"6'3""",191 lbs
Denmark,Alexander Bah,D,24,"6'0""",167 lbs
Denmark,Andreas Christensen,D,26,"6'1""",180 lbs
Denmark,Simon Kjaer,D,33,"6'2""",189 lbs
Denmark,Rasmus Kristensen,D,25,"6'1""",154 lbs
Denmark,Joakim Maehle,D,25,"6'0""",-
Denmark,Victor Nelsson,D,23,"6'1""",171 lbs
Denmark,Jens Stryger Larsen,D,31,"5'10""",178 lbs
Denmark,Philip Billing,M,26,"6'3""",182 lbs
Denmark,Thomas Delaney,M,31,"5'11""",174 lbs
Denmark,Christian Eriksen,M,30,"5'11""",143 lbs
Denmark,Pierre Hojbjerg,M,27,"6'1""",185 lbs
Denmark,Mathias Jensen,M,26,"5'10""",149 lbs
Denmark,Jesper Lindstrom,M,22,"5'11""",145 lbs
Denmark,Daniel Wass,M,33,"5'11""",163 lbs
Denmark,Martin Braithwaite,F,31,"5'9""",160 lbs
Denmark,Mikkel Damsgaard,F,22,"5'9""",154 lbs
Denmark,Kasper Dolberg,F,25,"6'1""",180 lbs
Denmark,Rasmus Hojlund,F,19,-,-
Denmark,Andreas Olsen,F,22,"6'1""",174 lbs
Ecuador,Alexander Dominguez,G,35,"6'4""",180 lbs
Ecuador,Hernan Galindez,G,35,"6'2""",198 lbs
Ecuador,Moises Ramirez,G,22,"6'2""",-
Ecuador,Gonzalo Valle,G,26,-,-
Ecuador,Xavier Arreaga,D,28,"5'11""",167 lbs
Ecuador,Byron David Castillo Segura,D,23,"5'6""",125 lbs
Ecuador,Pervis Estupinan,D,24,"5'8""",160 lbs
Ecuador,Piero Hincapie,D,20,"6'0""",167 lbs
Ecuador,Luis Leon,D,29,"6'0""",165 lbs
Ecuador,Diego Palacios,D,23,"5'4""",143 lbs
Ecuador,Jackson Porozo,D,22,"6'3""",-
Ecuador,Angelo Preciado,D,24,"5'8""",-
Ecuador,Mois√©s Caicedo,M,20,"5'10""",-
Ecuador,Jose Cifuentes,M,23,"5'8""",149 lbs
Ecuador,Patrickson Delgado,M,18,"5'8""",-
Ecuador,Alan Franco,M,24,"5'8""",147 lbs
Ecuador,Carlos Gruezo,M,27,"5'8""",156 lbs
Ecuador,Jhegson Mendez,M,25,"5'7""",154 lbs
Ecuador,William Joel Pacho Tenorio,M,20,"6'1""",-
Ecuador,Gonzalo Plata,M,21,"5'10""",143 lbs
Ecuador,Anthony Lenin Valencia Bajana,M,19,"5'8""",141 lbs
Ecuador,Nilson Angulo,F,19,"6'0""",143 lbs
Ecuador,Michael Estrada,F,26,"6'0""",171 lbs
Ecuador,Romario Ibarra,F,28,"5'10""",171 lbs
Ecuador,Angel Mena,F,34,"5'6""",156 lbs
Ecuador,Djorkaeff Reascos,F,23,"5'7""",-
Ecuador,Jeremy Sarmiento,F,20,"6'0""",-
Ecuador,Enner Valencia,F,32,"5'9""",165 lbs
England,Dean Henderson,G,25,"6'2""",187 lbs
England,Nick Pope,G,30,"6'3""",167 lbs
England,Aaron Ramsdale,G,24,"6'2""",169 lbs
England,Trent Alexander-Arnold,D,24,"5'8""",154 lbs
England,Ben Chilwell,D,25,"5'10""",156 lbs
England,Conor Coady,D,29,"6'0""",171 lbs
England,Eric Dier,D,28,"6'2""",198 lbs
England,Marc Guehi,D,22,"5'11""",-
England,Reece James,D,22,"5'8""",191 lbs
England,Harry Maguire,D,29,"6'4""",220 lbs
England,Luke Shaw,D,27,"6'0""",165 lbs
England,John Stones,D,28,"6'2""",154 lbs
England,Fikayo Tomori,D,24,"6'0""",174 lbs
England,Kieran Trippier,D,32,"5'10""",178 lbs
England,Kyle Walker,D,32,"5'10""",154 lbs
England,Jude Bellingham,M,19,"6'1""",165 lbs
England,Phil Foden,M,22,"5'7""",154 lbs
England,Jack Grealish,M,27,"5'10""",149 lbs
England,Jordan Henderson,M,32,"5'11""",147 lbs
England,Mason Mount,M,23,"5'10""",143 lbs
England,Kalvin Phillips,M,26,"5'10""",158 lbs
England,Declan Rice,M,23,"6'0""",176 lbs
England,Bukayo Saka,M,21,"5'10""",-
England,James Ward Prowse,M,27,"5'8""",145 lbs
England,Tammy Abraham,F,25,"6'2""",178 lbs
England,Jarrod Bowen,F,25,"5'8""",154 lbs
England,Harry Kane,F,29,"6'2""",143 lbs
England,Raheem Sterling,F,27,"5'6""",152 lbs
England,Ivan Toney,F,26,"5'10""",154 lbs
France,Alphonse Areola,G,29,"6'4""",207 lbs
France,Alban Lafont,G,23,"6'5""",198 lbs
France,Steve Mandanda,G,37,"6'0""",180 lbs
France,Benoit Badiashile,D,21,"6'4""",165 lbs
France,Jonathan Clauss,D,30,"5'10""",147 lbs
France,Ferland Mendy,D,27,"5'10""",160 lbs
France,Benjamin Pavard,D,26,"6'1""",178 lbs
France,William Saliba,D,21,"6'3""",182 lbs
France,Adrien Truffert,D,20,"5'8""",138 lbs
France,Dayot Upamecano,D,23,"6'1""",198 lbs
France,Raphael Varane,D,29,"6'3""",178 lbs
France,Eduardo Camavinga,M,19,"5'11""",149 lbs
France,Youssouf Fofana,M,23,"5'9""",-
France,Matteo Guendouzi,M,23,"6'0""",149 lbs
France,Christopher Nkunku,M,24,"5'8""",160 lbs
France,Aurelien Tchouameni,M,22,"6'0""",176 lbs
France,Jordan Veretout,M,29,"5'9""",147 lbs
France,Ousmane Dembele,F,25,"5'10""",147 lbs
France,Olivier Giroud,F,36,"6'3""",200 lbs
France,Antoine Griezmann,F,31,"5'9""",160 lbs
France,Randal Kolo Muani,F,23,"6'1""",160 lbs
France,Kylian Mbappe,F,23,"5'10""",160 lbs
Germany,Oliver Baumann,G,32,"6'1""",180 lbs
Germany,Manuel Neuer,G,36,"6'3""",205 lbs
Germany,Marc-Andre ter Stegen,G,30,"6'1""",187 lbs
Germany,Kevin Trapp,G,32,"6'2""",185 lbs
Germany,Armel Bella-Kotchap,D,20,"6'2""",191 lbs
Germany,Matthias Ginter,D,28,"6'3""",189 lbs
Germany,Benjamin Henrichs,D,25,"6'0""",174 lbs
Germany,Thilo Kehrer,D,26,"6'1""",167 lbs
Germany,Antonio Rudiger,D,29,"6'2""",187 lbs
Germany,Nico Schlotterbeck,D,22,"6'3""",189 lbs
Germany,Niklas Sule,D,27,"6'4""",218 lbs
Germany,Maximilian Arnold,M,28,"6'0""",163 lbs
Germany,Julian Brandt,M,26,"6'0""",182 lbs
Germany,Leon Goretzka,M,27,"6'2""",180 lbs
Germany,Robin Gosens,M,28,"6'0""",167 lbs
Germany,Ilkay Gundogan,M,31,"5'10""",176 lbs
Germany,Kai Havertz,M,23,"6'2""",169 lbs
Germany,Jonas Hofmann,M,30,"5'9""",160 lbs
Germany,Joshua Kimmich,M,27,"5'9""",165 lbs
Germany,Jamal Musiala,M,19,"6'0""",158 lbs
Germany,David Raum,M,24,"5'10""",165 lbs
Germany,Marco Reus,M,33,"5'10""",156 lbs
Germany,Leroy Sane,M,26,"6'0""",176 lbs
Germany,Serge Gnabry,F,27,"5'9""",169 lbs
Germany,Thomas Muller,F,33,"6'0""",167 lbs
Germany,Lukas Nmecha,F,23,"6'0""",176 lbs
Germany,Timo Werner,F,26,"5'10""",165 lbs
Ghana,Joseph Addo,G,31,"6'0""",-
Ghana,Felix Annan,G,27,-,-
Ghana,Richard Attah,G,27,-,-
Ghana,William Essu,G,20,-,-
Ghana,Abdul Manaf Nurudeen,G,23,"6'2""",-
Ghana,Richard Ofori,G,28,"5'2""",132 lbs
Ghana,Joe Wollacott,G,26,"6'2""",176 lbs
Ghana,Lawrence Ati Zigi,G,25,"6'2""",191 lbs
Ghana,Ismail Abdul Ganiyu,D,26,"6'0""",-
Ghana,Joseph Aidoo,D,27,"5'10""",176 lbs
Ghana,Mohammed AL Hassan,D,30,-,-
Ghana,Daniel Amartey,D,27,"6'1""",174 lbs
Ghana,Joseph Attamah,D,28,"5'10""",176 lbs
Ghana,Rahman Baba,D,28,"5'10""",154 lbs
Ghana,Philomon Baffour,D,21,-,-
Ghana,John Boye,D,35,"6'0""",160 lbs
Ghana,Alexander Djiku,D,28,"5'11""",178 lbs
Ghana,Montari Kamaheni,D,22,"5'8""",-
Ghana,Dennis Korsah,D,26,-,-
Ghana,Lumor,D,26,"5'8""",154 lbs
Ghana,Gideon Mensah,D,24,"5'10""",141 lbs
Ghana,Jonathan Mensah,D,32,"6'2""",165 lbs
Ghana,Abdul Mumin,D,24,"6'2""",-
Ghana,Christopher Nettey,D,24,-,-
Ghana,Kasim Nuhu,D,27,"6'2""",189 lbs
Ghana,Denis Odoi,D,34,"5'10""",156 lbs
Ghana,Samuel Ashie Quaye,D,21,-,-
Ghana,Andy Yiadom,D,30,"5'10""",165 lbs
Ghana,Konadu Yiadom,D,22,-,-
Ghana,David Abagna Sandan,M,24,-,-
Ghana,Afriyie Acquah,M,30,"5'10""",154 lbs
Ghana,Daniel Afriyie,M,21,-,-
Ghana,Christopher Antwi-Adjej,M,28,"5'8""",158 lbs
Ghana,Kwadwo Asamoah,M,33,"5'8""",171 lbs
Ghana,Christian Atsu,M,30,"5'4""",143 lbs
Ghana,Iddrisu Baba,M,26,"6'0""",160 lbs
Ghana,Agyenim Boateng,M,26,-,-
Ghana,Osman Bukari,M,23,"5'6""",-
Ghana,Issahaku Abdul Fatawu,M,18,-,-
Ghana,Mohammed Kudus,M,22,"5'8""",-
Ghana,Daniel-Kofi Kyereh,M,26,"5'10""",160 lbs
Ghana,Salifu Moro,M,23,-,-
Ghana,Rashid Nortey,M,26,-,-
Ghana,Michel Otou,M,24,"5'8""",-
Ghana,Elisha Owusu,M,24,"5'11""",136 lbs
Ghana,Thomas Partey,M,29,"6'0""",169 lbs
Ghana,Maxwell Abbey Quaye,M,24,-,-
Ghana,Mubarak Wakaso,M,32,"5'7""",152 lbs
Ghana,Kelvin Boakye Yiadom,M,22,-,-
Ghana,Edmund Addo,F,22,-,-
Ghana,Felix Afena-Gyan,F,19,-,-
Ghana,Thomas Agyepong,F,27,"5'6""",163 lbs
Ghana,Andre Morgan Rami Ayew,F,32,"5'9""",158 lbs
Ghana,Jordan Ayew,F,31,"5'11""",176 lbs
Ghana,Percious Boah,F,19,-,-
Ghana,Caleb Ekuban,F,28,"5'11""",176 lbs
Ghana,Asamoah Gyan,F,36,"5'10""",169 lbs
Ghana,Samuel Kwame Owusu,F,26,"5'6""",158 lbs
Ghana,Joseph Paintsil,F,24,"5'5""",-
Ghana,Kwame Peprah,F,21,-,-
Ghana,Kamal-Deen Sulemana,F,20,-,-
Ghana,Diawisie Taylor,F,22,-,-
Ghana,Benjamin Tetteh,F,25,"6'5""",194 lbs
Ghana,Kwasi Okyere Wriedt,F,28,"6'2""",180 lbs
Ghana,Yaw Yeboah,F,25,"5'8""",154 lbs
Ghana,Richmond Yiadom Boakye,F,29,"6'1""",169 lbs
Iran,Amir Abedzadeh,G,29,"6'1""",176 lbs
Iran,Mohammad Akhbari,G,29,"6'2""",191 lbs
Iran,Alireza Beiranvand,G,30,"6'5""",187 lbs
Iran,Seyed Hossein Hosseini,G,30,"6'3""",176 lbs
Iran,Rashid Mazaheri,G,33,"6'3""",185 lbs
Iran,Payam Niazmand,G,27,"6'3""",180 lbs
Iran,Mohammad Ansari,D,31,"6'1""",-
Iran,Roozbeh Cheshmi,D,29,"6'3""",176 lbs
Iran,Danial Esmaeilifar,D,29,-,-
Iran,Farshad Faraji,D,28,"6'0""",-
Iran,Vouria Ghafouri,D,35,"5'10""",163 lbs
Iran,Aref Gholami,D,25,"5'10""",-
Iran,Ehsan Hajsafi,D,32,"5'10""",165 lbs
Iran,Saleh Hardani,D,24,"5'9""",-
Iran,Majid Hosseini,D,26,"6'0""",171 lbs
Iran,Mohammad Hosssin Kanani,D,28,"6'2""",174 lbs
Iran,Shojae Khalilzadeh,D,33,"5'10""",185 lbs
Iran,Morteza Mansouri,D,32,"5'11""",-
Iran,Milad Mohammadi,D,29,"5'10""",152 lbs
Iran,Sadegh Moharrami,D,26,"5'8""",156 lbs
Iran,Pejman Montazeri,D,39,"6'0""",169 lbs
Iran,Mohammad Naderi,D,26,"6'2""",176 lbs
Iran,Morteza Pouraliganji,D,30,"6'1""",176 lbs
Iran,Ramin Rezaeian,D,32,"6'0""",165 lbs
Iran,Siavash Yazdani,D,30,"6'3""",-
Iran,Aref Aghasi,M,25,"6'0""",-
Iran,Ashkan Dejagah,M,36,"5'11""",171 lbs
Iran,Omid Ebrahimi,M,35,"5'10""",165 lbs
Iran,Saeid Ezatollahi,M,26,"6'2""",180 lbs
Iran,Ali Gholizadeh,M,26,"5'9""",-
Iran,Amirhossein Hosseinzadeh,M,21,"5'9""",-
Iran,Kamal Kamyabinia,M,33,"5'9""",158 lbs
Iran,Ali Karimi,M,28,"6'1""",-
Iran,Seyed Mohammad Karimi,M,26,"5'9""",-
Iran,Mehdi Mehdipour,M,28,"5'11""",-
Iran,Siamak Nemati,M,28,"5'10""",-
Iran,Zobeir Niknafs,M,29,"5'11""",-
Iran,Omid Noorafkan,M,25,"5'11""",-
Iran,Ahmad Noorollahi,M,29,"6'0""",160 lbs
Iran,Ahmad Nourollahi,M,29,-,-
Iran,Soroush Rafiei,M,32,"6'0""",154 lbs
Iran,Yasin Salmani,M,20,-,-
Iran,Milad Sarlak,M,27,"5'11""",-
Iran,Masoud Shojaei,M,38,"6'1""",174 lbs
Iran,Mehdi Taremi,M,30,"6'1""",176 lbs
Iran,Mehdi Torabi,M,28,"6'0""",156 lbs
Iran,Vahid Amiri,F,34,"5'10""",156 lbs
Iran,Karim Ansarifard,F,32,"6'1""",176 lbs
Iran,Sardar Azmoun,F,27,"6'1""",176 lbs
Iran,Mehdi Ghayedi,F,23,"5'5""",-
Iran,Saman Ghoddos,F,29,"5'9""",165 lbs
Iran,Alireza Jahanbakhsh,F,29,"5'10""",169 lbs
Iran,Mehrdad Mohammadi,F,29,"5'10""",156 lbs
Iran,Mohammad Mohebi,F,23,"5'9""",-
Iran,Kaveh Rezaei,F,30,"5'11""",-
Iran,Jafar Salmani,F,25,"5'9""",-
Iran,Allahyar Sayyad,F,21,"5'11""",-
Iran,Shahab Zahedi,F,27,"6'1""",171 lbs
Iran,Hardani,,24,"5'9""",-
Iran,Ehsan Haji Safi,,-,-,-
Japan,Shuichi Gonda,G,33,"6'1""",185 lbs
Japan,Eiji Kawashima,G,39,"6'0""",180 lbs
Japan,Daiya Maekawa,G,28,"6'3""",189 lbs
Japan,Kosuke Nakamura,G,27,"6'0""",180 lbs
Japan,Shusaku Nishikawa,G,36,"6'0""",178 lbs
Japan,Keisuke Osako,G,23,"6'1""",189 lbs
Japan,Daniel Schmidt,G,30,"6'5""",194 lbs
Japan,Kosei Tani,G,21,"6'2""",185 lbs
Japan,Koki Anzai,D,27,"5'7""",141 lbs
Japan,Hayato Araki,D,26,"6'1""",165 lbs
Japan,Daiki Hashioka,D,23,"5'11""",160 lbs
Japan,Shinnosuke Hatanaka,D,27,"6'0""",176 lbs
Japan,Ko Itakura,D,25,"6'1""",165 lbs
Japan,Shintaro Kurumaya,D,30,"5'10""",160 lbs
Japan,Ken Matsubara,D,29,"5'10""",169 lbs
Japan,Genta Miura,D,27,"6'0""",169 lbs
Japan,Sei Muroya,D,28,"5'9""",154 lbs
Japan,Yuto Nagatomo,D,36,"5'6""",149 lbs
Japan,Shinnosuke Nakatani,D,26,"6'0""",169 lbs
Japan,Yuta Nakayama,D,25,"5'11""",167 lbs
Japan,Ryuya Nishio,D,21,"5'10""",169 lbs
Japan,Ryoya Ogawa,D,25,"6'0""",171 lbs
Japan,Hiroki Sakai,D,32,"6'0""",154 lbs
Japan,Sho Sasaki,D,33,"5'9""",154 lbs
Japan,Ayumu Seko,D,22,"6'0""",158 lbs
Japan,Ryosuke Shindo,D,26,"6'0""",163 lbs
Japan,Gen Shoji,D,29,"5'11""",163 lbs
Japan,Yukinari Sugawara,D,22,"5'10""",-
Japan,Takehiro Tomiyasu,D,23,"6'2""",171 lbs
Japan,Naomichi Ueda,D,27,"6'1""",174 lbs
Japan,Miki Yamane,D,28,"5'10""",158 lbs
Japan,Maya Yoshida,D,34,"6'2""",198 lbs
Japan,Ryotaro Araki,M,20,"5'6""",132 lbs
Japan,Ritsu Doan,M,24,"5'7""",154 lbs
Japan,Wataru Endo,M,29,"5'10""",165 lbs
Japan,Ataru Esaka,M,30,"5'8""",147 lbs
Japan,Genki Haraguchi,M,31,"5'10""",149 lbs
Japan,Kento Hashimoto,M,29,"6'0""",167 lbs
Japan,Yosuke Ideguchi,M,26,"5'7""",156 lbs
Japan,Sho Inagaki,M,30,"5'8""",154 lbs
Japan,Hiroki Ito,M,23,"6'1""",178 lbs
Japan,Junya Ito,M,29,"5'9""",149 lbs
Japan,Daichi Kamada,M,26,"5'10""",158 lbs
Japan,Hayao Kawabe,M,27,"5'10""",154 lbs
Japan,Daiki Matsuoka,M,21,"5'6""",143 lbs
Japan,Kaoru Mitoma,M,25,"5'10""",156 lbs
Japan,Koji Miyoshi,M,25,"5'5""",141 lbs
Japan,Hidemasa Morita,M,27,"5'9""",165 lbs
Japan,Ryota Ohshima,M,29,"5'6""",141 lbs
Japan,Tatsuhiro Sakamoto,M,25,"5'6""",138 lbs
Japan,Gaku Shibasaki,M,30,"5'8""",149 lbs
Japan,Yuito Suzuki,M,20,"5'8""",145 lbs
Japan,Take,M,21,"5'8""",147 lbs
Japan,Ao Tanaka,M,24,"5'9""",152 lbs
Japan,Shogo Taniguchi,M,31,"6'0""",165 lbs
Japan,Yasuto Wakizaka,M,27,"5'7""",143 lbs
Japan,Kota Watanabe,M,23,"5'4""",134 lbs
Japan,Hotaru Yamaguchi,M,32,"5'8""",158 lbs
Japan,Takuma Asano,F,27,"5'8""",154 lbs
Japan,Keita Endo,F,24,"5'8""",145 lbs
Japan,Kyogo Furuhashi,F,27,"5'6""",138 lbs
Japan,Reo Hatate,F,24,"5'7""",154 lbs
Japan,Daichi Hayashi,F,25,"5'10""",163 lbs
Japan,Daizen Maeda,F,24,"5'8""",147 lbs
Japan,Takumi Minamino,F,27,"5'8""",149 lbs
Japan,Yoshinori Muto,F,30,"5'10""",158 lbs
Japan,Kensuke Nagai,F,33,"5'10""",156 lbs
Japan,Shoya Nakajima,F,28,"5'5""",136 lbs
Japan,Tsuyoshi Ogashiwa,F,24,"5'5""",147 lbs
Japan,Ado Onaiwu,F,26,"5'10""",165 lbs
Japan,Yuya Osako,F,32,"5'11""",156 lbs
Japan,Yuki Soma,F,25,"5'4""",149 lbs
Japan,Musashi Suzuki,F,28,"6'0""",163 lbs
Japan,Ayase Ueda,F,24,"5'11""",167 lbs
Mexico,Carlos Acevedo,G,26,"5'11""",149 lbs
Mexico,Rodolfo Cota,G,35,"6'0""",187 lbs
Mexico,Hugo Gonzalez,G,32,"6'0""",182 lbs
Mexico,Guillermo Ochoa,G,37,"6'0""",167 lbs
Mexico,Jonathan Orozco,G,36,"6'0""",178 lbs
Mexico,Alfredo Talavera,G,40,"6'2""",180 lbs
Mexico,Kevin Alvarez,D,23,"5'8""",138 lbs
Mexico,Jesus Angulo,D,24,"5'10""",165 lbs
Mexico,Julian Araujo,D,21,"5'8""",149 lbs
Mexico,Nestor Araujo,D,31,"6'2""",191 lbs
Mexico,Gerardo Arteaga,D,24,"5'8""",134 lbs
Mexico,Julio Cesar Dominguez,D,34,"5'8""",160 lbs
Mexico,Ramiro Funes Mori,D,31,"6'1""",174 lbs
Mexico,Jesus Gallardo,D,28,"5'9""",160 lbs
Mexico,Vladimir Lorona,D,23,"5'10""",165 lbs
Mexico,Alejandro Mayorga,D,25,"5'10""",156 lbs
Mexico,Cesar Montes,D,25,"6'3""",154 lbs
Mexico,Hector Moreno,D,34,"6'1""",176 lbs
Mexico,Alan Mozo,D,25,"5'8""",156 lbs
Mexico,Diego Reyes,D,30,"6'2""",169 lbs
Mexico,Luis Rodriguez,D,31,"5'9""",167 lbs
Mexico,Osvaldo Rodriguez,D,26,"5'8""",163 lbs
Mexico,Carlos Salcedo,D,29,"6'2""",182 lbs
Mexico,Jorge Sanchez,D,24,"5'8""",156 lbs
Mexico,Gilberto Sepulveda,D,23,"5'11""",171 lbs
Mexico,Johan Vasquez,D,23,"5'11""",158 lbs
Mexico,Erick Aguirre,M,25,"5'8""",143 lbs
Mexico,Roberto Alvarado,M,24,"5'9""",154 lbs
Mexico,Edson Alvarez,M,24,"6'1""",158 lbs
Mexico,Efrain Alvarez,M,20,"5'8""",149 lbs
Mexico,Jesus Angulo,M,25,"5'7""",136 lbs
Mexico,Uriel Antuna,M,25,"5'8""",134 lbs
Mexico,Fernando Beltran,M,24,"5'4""",141 lbs
Mexico,Alan Cervantes,M,24,"5'10""",152 lbs
Mexico,Luis Chavez,M,26,-,-
Mexico,Sebastian Cordova,M,25,"5'8""",143 lbs
Mexico,Jonathan Dos Santos,M,32,"5'8""",158 lbs
Mexico,Jose Jaoquin Esquivel,M,24,"5'9""",167 lbs
Mexico,Andres Guardado,M,36,"5'6""",132 lbs
Mexico,Erick Gutierrez,M,27,"5'9""",154 lbs
Mexico,Victor Guzman,M,20,"5'8""",165 lbs
Mexico,Hector Herrera,M,32,"6'0""",176 lbs
Mexico,Diego Lainez,M,22,"5'6""",127 lbs
Mexico,Miguel Layun,M,34,"5'10""",156 lbs
Mexico,Erik Lira,M,22,"5'6""",136 lbs
Mexico,Orbelin Pineda,M,26,"5'6""",138 lbs
Mexico,Rodolfo Pizarro,M,28,"5'8""",156 lbs
Mexico,David Ramirez,M,26,"5'6""",141 lbs
Mexico,Israel Reyes,M,22,"5'6""",165 lbs
Mexico,Carlos Rodriguez,M,25,"5'9""",145 lbs
Mexico,Luis Romo,M,27,"5'11""",185 lbs
Mexico,Marcel Ruiz,M,21,"5'10""",149 lbs
Mexico,Erick Sanchez,M,23,"5'5""",141 lbs
Mexico,Jairo Torres,M,22,"5'6""",147 lbs
Mexico,Chicharito,F,34,"5'8""",160 lbs
Mexico,Jesus Corona,F,29,"5'8""",143 lbs
Mexico,Roberto de La Rosa,F,22,"5'11""",-
Mexico,Rogelio Funes Mori,F,31,"6'2""",171 lbs
Mexico,Santiago Gimenez,F,21,"5'11""",152 lbs
Mexico,Raul Jimenez,F,31,"6'2""",167 lbs
Mexico,Hirving Lozano,F,27,"5'9""",145 lbs
Mexico,Jose Macias,F,23,"5'9""",160 lbs
Mexico,Henry Martin,F,29,"5'9""",160 lbs
Mexico,Alan Pulido,F,31,"5'9""",182 lbs
Mexico,Alexis Vega,F,24,"5'8""",169 lbs
Mexico,Alex Zendejas,F,24,"5'4""",138 lbs
Morocco,Bono,G,31,"6'3""",171 lbs
Morocco,Munir,G,33,"6'2""",194 lbs
Morocco,Ahmed Reda Tagnaouti,G,26,"6'1""",154 lbs
Morocco,Anas Zniti,G,33,-,-
Morocco,Yunis Abdelhamid,D,35,"6'2""",182 lbs
Morocco,Nayef Aguerd,D,26,"6'2""",167 lbs
Morocco,Sofiane Alakouch,D,24,"5'8""",145 lbs
Morocco,Badr Benoun,D,29,"6'3""",-
Morocco,Sofiane Chakla,D,29,"6'1""",169 lbs
Morocco,Issam Chebake,D,33,"5'9""",160 lbs
Morocco,Mohamed Chibi,D,29,-,-
Morocco,Souffian El Karouani,D,21,"5'10""",-
Morocco,Jawad El Yamiq,D,30,"6'3""",180 lbs
Morocco,Zouhair Feddal,D,32,"6'3""",182 lbs
Morocco,Achraf Hakimi,D,23,"5'11""",160 lbs
Morocco,Adam Masina,D,28,"6'2""",171 lbs
Morocco,Noussair Mazraoui,D,24,"6'0""",-
Morocco,Hamza Mendyl,D,24,"5'10""",154 lbs
Morocco,Samy Mmaee,D,26,"6'2""",-
Morocco,Selim Amallah,M,25,-,-
Morocco,Sofyan Amrabat,M,26,"6'0""",154 lbs
Morocco,Aymen Barkok,M,24,"6'2""",165 lbs
Morocco,Sofiane Boufal,M,29,"5'6""",132 lbs
Morocco,Ilias Chair,M,24,"5'2""",121 lbs
Morocco,Omar El Kaddouri,M,32,"6'0""",163 lbs
Morocco,Abdessamad Ezzalzouli,M,20,-,-
Morocco,Faycal Fajr,M,34,"5'10""",158 lbs
Morocco,Yahya Jabrane,M,31,"6'1""",182 lbs
Morocco,Imran Louza,M,23,"5'10""",-
Morocco,Youssef Maleh,M,24,"5'9""",154 lbs
Morocco,Azzedine Ounahi,M,22,"5'11""",136 lbs
Morocco,Romain Saiss,M,32,"6'2""",185 lbs
Morocco,Adel Taarabt,M,33,"6'0""",176 lbs
Morocco,Hakim Ziyech,M,29,"5'10""",154 lbs
Morocco,Zakaria Aboukhlal,F,22,-,-
Morocco,Rachid Alioui,F,30,"6'1""",180 lbs
Morocco,Nordin Amrabat,F,35,"5'10""",187 lbs
Morocco,Yahya Attia Attia Allah,F,27,"5'9""",154 lbs
Morocco,Nabil Dirar,F,36,"6'1""",189 lbs
Morocco,Youssef El Arabi,F,35,"6'0""",154 lbs
Morocco,Munir El Haddadi,F,27,"5'8""",152 lbs
Morocco,Ayoub El Kaabi,F,29,"5'11""",158 lbs
Morocco,Youssef En-Nesyri,F,25,"6'2""",160 lbs
Morocco,Zakaria Hadraf,F,32,"5'8""",-
Morocco,Oussama Idrissi,F,26,"5'8""",171 lbs
Morocco,Ryan Mmaee,F,24,"6'0""",-
Morocco,Soufiane Rahimi,F,26,-,-
Morocco,Oussama Tannane,F,28,"5'9""",176 lbs
Morocco,Tarik Tissoudali,F,29,"5'8""",154 lbs
Netherlands,Jasper Cillessen,G,33,"6'0""",182 lbs
Netherlands,Mark Flekken,G,29,"6'4""",191 lbs
Netherlands,Andries Noppert,G,28,"6'7""",191 lbs
Netherlands,Remko Pasveer,G,38,"6'1""",191 lbs
Netherlands,Nathan Ake,D,27,"5'10""",165 lbs
Netherlands,Daley Blind,D,32,"5'10""",158 lbs
Netherlands,Matthijs De Ligt,D,23,"6'2""",196 lbs
Netherlands,Stefan De Vrij,D,30,"6'2""",171 lbs
Netherlands,Tyrell Malacia,D,23,"5'6""",147 lbs
Netherlands,Devyne Rensch,D,19,"5'10""",-
Netherlands,Jurrien Timber,D,21,"5'10""",-
Netherlands,Virgil Van Dijk,D,31,"6'3""",202 lbs
Netherlands,Marten De Roon,M,31,"6'0""",167 lbs
Netherlands,Denzel Dumfries,M,26,"6'0""",176 lbs
Netherlands,Ryan Gravenberch,M,20,"6'2""",169 lbs
Netherlands,Davy Klaassen,M,29,"5'10""",171 lbs
Netherlands,Kenneth Taylor,M,20,"5'11""",-
Netherlands,Steven Berghuis,F,30,"5'11""",165 lbs
Netherlands,Steven Bergwijn,F,25,"5'10""",163 lbs
Netherlands,Brian Brobbey,F,20,"5'10""",171 lbs
Netherlands,Cody Gakpo,F,23,"5'10""",167 lbs
Netherlands,Vincent Janssen,F,28,"6'0""",174 lbs
Netherlands,Wout Weghorst,F,30,"6'5""",180 lbs
Poland,Bartlomiej Dragowski,G,25,"6'3""",163 lbs
Poland,Lukasz Skorupski,G,31,"6'1""",185 lbs
Poland,Wojciech Szczesny,G,32,"6'5""",185 lbs
Poland,Jan Bednarek,D,26,"6'2""",169 lbs
Poland,Bartosz Bereszynski,D,30,"6'0""",171 lbs
Poland,Kamil Glik,D,34,"6'2""",176 lbs
Poland,Robert Gumny,D,24,"5'11""",156 lbs
Poland,Tomasz Kedziora,D,28,"6'0""",171 lbs
Poland,Jakub Kiwior,D,22,"6'2""",165 lbs
Poland,Mateusz Wieteska,D,25,"6'2""",169 lbs
Poland,Jakub Kaminski,M,20,"5'10""",141 lbs
Poland,Grzegorz Krychowiak,M,32,"6'1""",182 lbs
Poland,Jakub Piotrowski,M,25,"6'2""",171 lbs
Poland,Michal Skoras,M,22,"5'7""",141 lbs
Poland,Sebastian Szymanski,M,23,"5'8""",132 lbs
Poland,Piotr Zielinski,M,28,"5'10""",141 lbs
Poland,Szymon Zurkowski,M,25,"6'0""",169 lbs
Poland,Kamil Grosicki,F,34,"5'10""",171 lbs
Poland,Robert Lewandowski,F,34,"6'0""",178 lbs
Poland,Arkadiusz Milik,F,28,"6'1""",176 lbs
Poland,Krzysztof Piatek,F,27,"6'0""",169 lbs
Poland,Karol Swiderski,F,25,"6'0""",163 lbs
Poland,Nicola Zalewski,F,20,"5'10""",-
Portugal,Diogo Costa,G,23,"6'3""",176 lbs
Portugal,Rui Patricio,G,34,"6'2""",185 lbs
Portugal,Jose Sa,G,29,"6'3""",171 lbs
Portugal,Joao Cancelo,D,28,"5'11""",163 lbs
Portugal,Diogo Dalot,D,23,"6'0""",165 lbs
Portugal,Ruben Dias,D,25,"6'1""",182 lbs
Portugal,Tiago Djalo,D,22,"6'2""",-
Portugal,Domingos Duarte,D,27,"6'3""",176 lbs
Portugal,Raphael Guerreiro,D,28,"5'6""",156 lbs
Portugal,Nuno Mendes,D,20,"5'9""",154 lbs
Portugal,Pepe,D,39,"6'2""",178 lbs
Portugal,Mario Rui,D,31,"5'6""",147 lbs
Portugal,William Carvalho,M,30,"6'1""",174 lbs
Portugal,Bruno Fernandes,M,28,"5'10""",141 lbs
Portugal,Joao Mario,M,29,"5'10""",160 lbs
Portugal,Ruben Neves,M,25,"5'10""",158 lbs
Portugal,Matheus Nunes,M,24,"6'0""",165 lbs
Portugal,Joao Palhinha,M,27,"6'2""",169 lbs
Portugal,Danilo Pereira,M,31,"6'2""",182 lbs
Portugal,Bernardo Silva,M,28,"5'8""",141 lbs
Portugal,Vitinha,M,22,"5'7""",143 lbs
Portugal,Joao Felix,F,22,"5'11""",154 lbs
Portugal,Ricardo Horta,F,28,"5'8""",134 lbs
Portugal,Diogo Jota,F,25,"5'10""",154 lbs
Portugal,Rafael Leao,F,23,"6'2""",178 lbs
Portugal,Pedro Neto,F,22,"5'7""",136 lbs
Portugal,Goncalo Ramos,F,21,"6'0""",169 lbs
Portugal,Cristiano Ronaldo,F,37,"6'0""",176 lbs
Portugal,Rafa Silva,F,29,"5'7""",138 lbs
Qatar,Abdelrahman Mohammed Abdulaziz,G,28,-,-
Qatar,Mahmud Ibrahim Abunada,G,22,-,-
Qatar,Mohammed AL Bakri,G,25,"5'9""",152 lbs
Qatar,Saad Abdullah Al Sheeb,G,32,"6'2""",182 lbs
Qatar,Fahad Younis Baker,G,28,-,-
Qatar,Meshaal Aissa Barsham,G,24,"5'10""",-
Qatar,Yousof Hassan Mohamed Ali,G,26,"6'2""",171 lbs
Qatar,Yazan Naim,G,25,"6'1""",-
Qatar,Salah Zakaria Hassan,G,23,"6'0""",-
Qatar,Jassem Gaber Abdulsallam,D,20,-,-
Qatar,Homam Ahmed,D,23,"6'1""",-
Qatar,Fahad AL Abdulrahman,D,27,"5'4""",-
Qatar,Salem Al Hajri,D,26,"5'10""",154 lbs
Qatar,Musab Al Khader,D,29,"5'5""",132 lbs
Qatar,Tameem AL Muhaza,D,26,"5'9""",145 lbs
Qatar,Mohammed Alaaeldin,D,28,-,-
Qatar,Almahdi Ali,D,30,"6'0""",174 lbs
Qatar,Mohamed Ayash,D,21,-,-
Qatar,Mohamed Emad Ayash,D,21,-,-
Qatar,Pedro Miguel Carvalho Deus Correia,D,32,"6'2""",-
Qatar,Abdelkarim Hassan,D,29,"6'0""",180 lbs
Qatar,Musaab Khidir,D,29,"5'5""",132 lbs
Qatar,Assim Madibo,D,25,"5'7""",138 lbs
Qatar,Musaab Khodhr Mahmoud,D,39,-,-
Qatar,Mohamed Musa,D,36,-,-
Qatar,Sultan Hussain Al Brake,D,26,"5'8""",-
Qatar,Abdelaziz Hatem,M,31,"5'11""",167 lbs
Qatar,Abdulaziz Hatem,M,31,"5'11""",167 lbs
Qatar,Abdullah Al Ahrak,M,25,"5'9""",152 lbs
Qatar,Mohammed Waad Abdulwahab Jadoua Al Bayati,M,23,"6'0""",-
Qatar,Nayef Abdul Rahim Al Hadrami,M,21,-,-
Qatar,Bassam Hisham Al Rawi,M,24,"5'8""",169 lbs
Qatar,Ahmed Suhail Al-Hamawende,M,23,-,-
Qatar,Karim Boudiaf,M,32,"6'2""",191 lbs
Qatar,Ahmad Moein Mohammed Doozandeh,M,26,"5'10""",152 lbs
Qatar,Ahmed Fathy Abdoulla,M,29,"5'7""",156 lbs
Qatar,Boualem Khoukhi,M,32,"6'0""",171 lbs
Qatar,Abdullah Marafee,M,30,-,-
Qatar,Abdeirahman Moustafa,M,25,-,-
Qatar,Abdulrahman Moustafa,M,25,"5'6""",138 lbs
Qatar,Khalid Muneer,M,24,"5'8""",-
Qatar,Ali Assadalla Thaimn Qambar,M,29,"5'8""",134 lbs
Qatar,Tarek Salman,M,24,"5'10""",152 lbs
Qatar,Yousuf Abdul Razzaq,F,-,-,-
Qatar,Almoez Ali Zainalabedeen Abdulla,F,26,"5'10""",149 lbs
Qatar,Hashim Ali Abdullatif,F,22,"5'5""",-
Qatar,Abdulrasheed Umaru,F,23,"5'8""",-
Qatar,Yusuf Abdurisag,F,23,"5'8""",-
Qatar,Ahmed Alaaeldin Abelmotaal,F,29,"5'9""",160 lbs
Qatar,Akram Afif,F,25,"5'9""",149 lbs
Qatar,Ali Hassan Afif,F,34,"5'8""",160 lbs
Qatar,Abdulaziz AL Ansari,F,30,"5'8""",-
Qatar,Hassan Khalid Al Haydos,F,31,"5'6""",127 lbs
Qatar,Moayed Hassan Fodhayli,F,30,-,-
Qatar,Muayed Hassan,F,30,"5'6""",136 lbs
Qatar,Ismail Mohamad,F,32,"5'7""",158 lbs
Qatar,Mohammed Muntari,F,28,"6'4""",169 lbs
Qatar,Hazem Shehata,F,24,-,-
Qatar,Humam AL Amin,,-,-,-
Qatar,Asim Madibu,,-,-,-
Saudi arabia,Zaid Al Bawardi,G,25,"6'3""",205 lbs
Saudi arabia,Amin Al Bukhari,G,25,"6'3""",174 lbs
Saudi arabia,Abdullah Al Muaiouf,G,35,"6'2""",211 lbs
Saudi arabia,Mohammed Khalil Al Owais,G,31,"6'0""",154 lbs
Saudi arabia,Fawaz Al Qarni,G,30,"6'0""",185 lbs
Saudi arabia,Mohammed Al Rubaie,G,25,"6'2""",-
Saudi arabia,Nawaf AL-Aqidi,G,22,-,-
Saudi arabia,Abdullah Hussain AL-Oaisher,G,31,"6'0""",-
Saudi arabia,Mohammed Alyami,G,25,"6'2""",171 lbs
Saudi arabia,Mustafa Malaeka,G,36,"6'0""",182 lbs
Saudi arabia,Saud Abdulhamid,D,23,"5'7""",-
Saudi arabia,Abdulelah Al Amri,D,25,"6'0""",160 lbs
Saudi arabia,Ali Al Bulayhi,D,32,"6'0""",176 lbs
Saudi arabia,Abdulrahman AL Obaid,D,29,"5'7""",141 lbs
Saudi arabia,Ziad AL Sahefi,D,27,-,-
Saudi arabia,Yasir Al Shahrani,D,30,"5'6""",141 lbs
Saudi arabia,Abdullah AL Shamekh,D,29,-,-
Saudi arabia,Hamdan AL Shamrani,D,25,"5'10""",169 lbs
Saudi arabia,Hassan Al Tambakti,D,23,"5'10""",160 lbs
Saudi arabia,Ali Alawjami,D,26,-,-
Saudi arabia,Ali AL-Boleahi,D,32,"5'10""",-
Saudi arabia,Mohammed Al-Breik,D,30,-,-
Saudi arabia,Mohammed Alburayk,D,30,"5'8""",136 lbs
Saudi arabia,Sultan Alganham,D,28,"5'8""",136 lbs
Saudi arabia,Moteb Al-Harbi,D,22,"5'8""",-
Saudi arabia,Mohammed AL-Khubrani,D,28,"5'10""",143 lbs
Saudi arabia,Ali Lajami,D,26,-,-
Saudi arabia,Abdullah Madu,D,29,"6'1""",189 lbs
Saudi arabia,Omar Othman,D,37,"6'0""",169 lbs
Saudi arabia,Hussain Qasim,D,-,-,-
Saudi arabia,Hussain Salem,D,25,"5'8""",-
Saudi arabia,Ahmed Sharahili,D,28,"6'0""",165 lbs
Saudi arabia,Nawaf AL Abed,M,32,"5'6""",130 lbs
Saudi arabia,Ali AL Asmari,M,25,"6'0""",154 lbs
Saudi arabia,Ali AL Asmari,M,25,"6'0""",-
Saudi arabia,Nasser Al Dawsari,M,23,"5'10""",143 lbs
Saudi arabia,Salem Al Dawsari,M,31,"5'8""",152 lbs
Saudi arabia,Abdulrahman AL Dosari,M,25,"5'9""",165 lbs
Saudi arabia,Salman Al Faraj,M,33,"5'10""",141 lbs
Saudi arabia,Salman Al Faraj,M,33,-,-
Saudi arabia,Abdullah Al Khaibari,M,26,"5'8""",145 lbs
Saudi arabia,Abdullah Al Khaibari,M,26,"5'8""",145 lbs
Saudi arabia,Mohammed AL Kuwaykibi,M,27,"5'6""",130 lbs
Saudi arabia,Abdulelah Al Malki,M,28,"5'10""",154 lbs
Saudi arabia,Sami AL Naji,M,25,"5'9""",-
Saudi arabia,Khaled AL Samiri,M,25,"5'4""",132 lbs
Saudi arabia,Yahya Al Shehri,M,32,"5'4""",141 lbs
Saudi arabia,Nasser Aldawsari,M,23,"5'10""",-
Saudi arabia,Khalid Alghannam,M,21,"5'7""",-
Saudi arabia,Khalid Al-Ghannam,M,21,-,-
Saudi arabia,Ali Al-Hassan,M,25,"5'11""",147 lbs
Saudi arabia,Sami Al-Najei,M,25,-,-
Saudi arabia,Abdulrahman Alobud,M,27,"5'8""",-
Saudi arabia,Ziyad Abdulwahed Al-Sahafi,M,28,"5'11""",163 lbs
Saudi arabia,Mohammed Falah AL-Sahli,M,30,-,-
Saudi arabia,Khalid Alsamiri,M,25,"5'5""",-
Saudi arabia,Abdulfattah Asiri,M,28,"5'5""",141 lbs
Saudi arabia,Hattan Bahebri,M,30,"5'6""",147 lbs
Saudi arabia,Abdulrahman Abdullah Ghareeb,M,25,"5'8""",132 lbs
Saudi arabia,Abdulrahman Abdullah Ghareeb,M,25,"5'4""",136 lbs
Saudi arabia,Mohamed Kanno,M,28,"6'3""",156 lbs
Saudi arabia,Mohamed Ibrahim Kanno,M,28,-,-
Saudi arabia,Abdullah Otayf,M,30,"5'9""",145 lbs
Saudi arabia,Ayman Yahya,M,21,-,-
Saudi arabia,Aiman Ahmed,F,21,-,-
Saudi arabia,Feras Al Birakan,F,22,"5'11""",163 lbs
Saudi arabia,Abdulaziz Ali Al Bishi,F,28,"5'8""",160 lbs
Saudi arabia,Firas Al Buraikan,F,22,-,-
Saudi arabia,Abdullah Al Hamdan,F,23,"6'0""",169 lbs
Saudi arabia,Mohammed AL Kwikbi,F,28,"5'5""",-
Saudi arabia,Fahad Al Muwallad,F,28,"5'6""",143 lbs
Saudi arabia,Feras Albrikan,F,22,"5'11""",-
Saudi arabia,Abdullah Abdulrahman Alhamddan,F,23,-,-
Saudi arabia,Fahad Almuwallal,F,28,-,-
Saudi arabia,Saleh Al-Shehri,F,28,"6'0""",-
Saudi arabia,Haitham Mohammed Asiri,F,21,-,-
Saudi arabia,Haroune Camara,F,24,"6'0""",178 lbs
Saudi arabia,Muhannad Asiri,-,35,-,-
Senegal,Abdoulaye Diallo,G,30,"6'3""",180 lbs
Senegal,Seny Dieng,G,27,"6'3""",185 lbs
Senegal,Alioune Badara Faty,G,27,-,-
Senegal,Alfred Gomis,G,29,"6'5""",176 lbs
Senegal,Bingourou Kamara,G,25,"6'5""",202 lbs
Senegal,Edouard Mendy,G,30,"6'5""",189 lbs
Senegal,Saliou Ciss,D,33,"5'8""",158 lbs
Senegal,Pape Abou Cisse,D,27,"6'5""",182 lbs
Senegal,Racine Coly,D,26,"6'0""",167 lbs
Senegal,Abdou Diallo,D,26,"6'1""",174 lbs
Senegal,Elhadji Pape Djibril Diaw,D,27,"6'3""",187 lbs
Senegal,Lamine Gassama,D,32,"5'11""",163 lbs
Senegal,Kalidou Koulibaly,D,31,"6'4""",196 lbs
Senegal,Ibrahima Mbaye,D,27,"6'2""",154 lbs
Senegal,Youssouf Sabaly,D,29,"5'8""",149 lbs
Senegal,Salif Sane,D,32,"6'5""",185 lbs
Senegal,Bouna Sarr,D,30,"5'9""",152 lbs
Senegal,Abdoulaye Seck,D,30,"6'3""",209 lbs
Senegal,Fode Toure,D,25,"5'11""",132 lbs
Senegal,Moussa Wague,D,24,"5'9""",154 lbs
Senegal,Krepin Diatta,M,23,"5'6""",-
Senegal,Idrissa Gueye,M,33,"5'8""",145 lbs
Senegal,Pape Alassane Gueye,M,23,"6'0""",143 lbs
Senegal,Cheikhou Kouyate,M,32,"6'2""",165 lbs
Senegal,Joseph Lopy,M,30,"5'11""",149 lbs
Senegal,Mamadou Loum,M,25,"6'3""",185 lbs
Senegal,Nampalys Mendy,M,30,"5'5""",160 lbs
Senegal,Moustapha Name,M,27,"6'0""",-
Senegal,Badou Ndiaye,M,31,"5'11""",163 lbs
Senegal,Pape Matar Sarr,M,20,"6'0""",154 lbs
Senegal,Sidy Sarr,M,26,"6'5""",165 lbs
Senegal,Keita Balde,F,27,"6'0""",169 lbs
Senegal,Boulaye Dia,F,25,"5'10""",165 lbs
Senegal,Habib Diallo,F,27,"6'1""",174 lbs
Senegal,Famara Diedhiou,F,29,"6'2""",176 lbs
Senegal,Bamba Dieng,F,22,"5'10""",158 lbs
Senegal,Sadio Mane,F,30,"5'8""",152 lbs
Senegal,Mbaye Niang,F,27,"6'2""",182 lbs
Senegal,Ismaila Sarr,F,24,"6'0""",167 lbs
Senegal,Mame Thiam,F,30,"6'1""",174 lbs
Senegal,Sada Thioub,F,27,"5'10""",165 lbs
Serbia,Marko Dmitrovic,G,30,"6'4""",207 lbs
Serbia,Marko Ilic,G,24,"5'9""",154 lbs
Serbia,Vanja Milinkovic-Savic,G,25,"6'7""",202 lbs
Serbia,Srdjan Babic,D,26,"6'4""",-
Serbia,Strahinja Erakovic,D,21,"6'1""",-
Serbia,Erhan Masovic,D,23,"6'2""",180 lbs
Serbia,Stefan Mitrovic,D,32,"6'2""",185 lbs
Serbia,Filip Mladenovic,D,31,"5'10""",143 lbs
Serbia,Strahinja Pavlovic,D,21,"6'4""",187 lbs
Serbia,Aleksa Terzic,D,23,"6'0""",156 lbs
Serbia,Milos Veljkovic,D,27,"6'2""",187 lbs
Serbia,Nemanja Gudelj,M,30,"6'1""",178 lbs
Serbia,Ivan Ilic,M,21,"5'11""",-
Serbia,Filip Kostic,M,29,"6'0""",185 lbs
Serbia,Darko Lazovic,M,32,"5'11""",145 lbs
Serbia,Sasa Lukic,M,26,"6'0""",169 lbs
Serbia,Nemanja Maksimovic,M,27,"6'2""",171 lbs
Serbia,Sergej Milinkovic-Savic,M,27,"6'3""",167 lbs
Serbia,Stefan Mitrovic,M,20,"5'11""",-
Serbia,Uros Racic,M,24,"6'3""",178 lbs
Serbia,Filip Djuricic,F,30,"5'11""",165 lbs
Serbia,Luka Jovic,F,24,"5'11""",187 lbs
Serbia,Aleksandar Mitrovic,F,28,"6'2""",198 lbs
Serbia,Nemanja Radonjic,F,26,"6'0""",169 lbs
Serbia,Dusan Tadic,F,33,"5'11""",167 lbs
Serbia,Dusan Vlahovic,F,22,"6'2""",171 lbs
Serbia,Andrija Zivkovic,F,26,"5'6""",149 lbs
South korea,Song Beom-keun,G,24,"6'4""",202 lbs
South korea,Sung-yun Gu,G,28,"6'4""",180 lbs
South korea,Jo Hyeon-uh,G,31,"6'2""",165 lbs
South korea,Hyeon-woo Jo,G,31,"6'2""",-
South korea,Jin Hyeon Kim,G,35,"6'3""",180 lbs
South korea,Kim Dong-jun,G,27,"6'2""",163 lbs
South korea,Kim Seung Gyu,G,32,"6'1""",185 lbs
South korea,Beom-keun Song,G,24,-,-
South korea,Yu-min Cho,D,25,"5'11""",174 lbs
South korea,Chul Hong,D,32,"5'9""",154 lbs
South korea,Yoon Jong-gyu,D,24,"5'8""",141 lbs
South korea,Joo-ho Park,D,35,"5'8""",156 lbs
South korea,Seung-hyeon Jung,D,28,"6'2""",163 lbs
South korea,Lee Ki-Je,D,31,"5'8""",149 lbs
South korea,Jin-su Kim,D,30,"5'9""",149 lbs
South korea,Min-jae Kim,D,25,"6'2""",154 lbs
South korea,Kyung-won Kwon,D,30,"6'2""",182 lbs
South korea,Jae-Ik Lee,D,23,-,-
South korea,Yong Lee,D,35,"5'10""",163 lbs
South korea,Park Min-kyu,D,27,"5'9""",147 lbs
South korea,Kim Moon-hwan,D,27,"5'8""",141 lbs
South korea,Jisu Park,D,-,-,-
South korea,Ji-su Park,D,28,"6'1""",169 lbs
South korea,Joo Ho Park,D,-,-,-
South korea,Kim Yeong-Bin,D,31,"6'0""",174 lbs
South korea,Kim Young-gwon,D,32,"6'1""",163 lbs
South korea,Kwon Chang-Hoon,M,28,"5'8""",145 lbs
South korea,Lee Dong Kyung,M,25,"5'8""",149 lbs
South korea,Lee Dong-gyeong,M,25,"5'8""",149 lbs
South korea,Kim Dong-hyeon,M,25,"5'11""",158 lbs
South korea,Seunggyu Han,M,-,-,-
South korea,Hwang In-beom,M,26,"5'9""",154 lbs
South korea,Woo-yeong Jeong,M,23,"5'10""",152 lbs
South korea,Kim Jin-gyu,M,25,"5'9""",149 lbs
South korea,Se Jong Ju,M,31,"5'9""",158 lbs
South korea,Son Jun Ho,M,30,-,-
South korea,Sang-woo Kang,M,29,"5'8""",132 lbs
South korea,Bokyung Kim,M,-,-,-
South korea,Insung Kim,M,-,-,-
South korea,Tae-hwan Kim,M,33,"5'9""",158 lbs
South korea,Seung-beom Ko,M,28,"5'8""",154 lbs
South korea,Jae-sung Lee,M,30,"5'10""",154 lbs
South korea,Kang In Lee,M,21,"5'8""",-
South korea,Yeongjae Lee,M,-,-,-
South korea,Seon Min Moon,M,-,-,-
South korea,Seung-Ho Paik,M,25,"5'10""",149 lbs
South korea,Na Sangho,M,26,"5'8""",154 lbs
South korea,Jun-ho Son,M,30,"5'10""",136 lbs
South korea,Nam Tae Hee,M,31,"5'8""",160 lbs
South korea,Du-jae Won,M,24,"6'1""",176 lbs
South korea,Jung Woo-young,M,32,"6'1""",169 lbs
South korea,Illok Yun,M,-,-,-
South korea,Lee Dong-Jun,F,25,"5'8""",143 lbs
South korea,Jo Gue-sung,F,24,"6'0""",154 lbs
South korea,Kim Gun-hee,F,27,"6'1""",174 lbs
South korea,Hwang Hee-chan,F,26,"5'9""",169 lbs
South korea,Son Heung-min,F,30,"6'0""",171 lbs
South korea,Ui-jo Hwang,F,30,"6'0""",180 lbs
South korea,Kim In-Sung,F,33,"5'10""",163 lbs
South korea,Seungdae Kim,F,-,-,-
South korea,Shin-wook Kim,F,34,"6'5""",213 lbs
South korea,Dong-jun Lee,F,25,"5'8""",-
South korea,Jeonghyeop Lee,F,31,"6'1""",-
South korea,Song Min-kyu,F,23,"5'10""",158 lbs
South korea,Jeong Sang-Bin,F,20,"5'8""",149 lbs
South korea,Eom Won-sang,F,23,"5'7""",138 lbs
South korea,Cho Young-wook,F,23,"5'11""",160 lbs
South korea,Ji Dong Won,-,31,-,-
Spain,David Raya,G,27,"6'0""",176 lbs
Spain,Robert Sanchez,G,24,"6'5""",-
Spain,Unai Simon,G,25,"6'2""",194 lbs
Spain,Jordi Alba,D,33,"5'6""",149 lbs
Spain,Cesar Azpilicueta,D,33,"5'10""",169 lbs
Spain,Dani Carvajal,D,30,"5'8""",160 lbs
Spain,Eric Garcia,D,21,"5'11""",167 lbs
Spain,Hugo Guillamon,D,22,"5'10""",136 lbs
Spain,Diego Llorente,D,29,"6'1""",167 lbs
Spain,Jose Luis Gaya,D,27,"5'7""",145 lbs
Spain,Pau Torres,D,25,"6'3""",176 lbs
Spain,Sergio Busquets,M,34,"6'2""",167 lbs
Spain,Gavi,M,18,-,-
Spain,Koke,M,30,"5'9""",163 lbs
Spain,Marcos Llorente,M,27,"6'0""",163 lbs
Spain,Pedri,M,19,"5'8""",132 lbs
Spain,Rodri,M,26,"6'3""",171 lbs
Spain,Carlos Soler,M,25,"5'10""",167 lbs
Spain,Nicholas Williams,M,20,"5'11""",-
Spain,Marco Asensio,F,26,"5'11""",167 lbs
Spain,Borja Iglesias,F,29,"6'1""",189 lbs
Spain,Alvaro Morata,F,29,"6'2""",185 lbs
Spain,Claudia Sanchez,F,31,-,-
Spain,Pablo Sarabia,F,30,"5'8""",154 lbs
Spain,Ferran Torres,F,22,"6'0""",169 lbs
Spain,Yeremy Pino,F,19,"5'7""",-
Switzerland,Yvon Mvogo,G,28,"6'2""",185 lbs
Switzerland,Jonas Omlin,G,28,"6'2""",176 lbs
Switzerland,Yann Sommer,G,33,"6'0""",174 lbs
Switzerland,David Von Ballmoos,G,27,"6'3""",194 lbs
Switzerland,Manuel Akanji,D,27,"6'2""",200 lbs
Switzerland,Eray Comert,D,24,"6'0""",176 lbs
Switzerland,Nico Elvedi,D,26,"6'2""",185 lbs
Switzerland,Kevin Mbabu,D,27,"6'0""",176 lbs
Switzerland,Ricardo Rodriguez,D,30,"5'11""",171 lbs
Switzerland,Fabian Schar,D,30,"6'2""",185 lbs
Switzerland,Silvan Widmer,D,29,"6'0""",174 lbs
Switzerland,Michel Aebischer,M,25,"5'11""",163 lbs
Switzerland,Fabian Frei,M,33,"6'0""",176 lbs
Switzerland,Remo Freuler,M,30,"5'10""",176 lbs
Switzerland,Ardon Jashari,M,20,"5'11""",180 lbs
Switzerland,Xherdan Shaqiri,M,31,"5'4""",171 lbs
Switzerland,Djibril Sow,M,25,"6'0""",167 lbs
Switzerland,Renato Steffen,M,30,"5'6""",143 lbs
Switzerland,Ruben Vargas,M,24,"5'10""",149 lbs
Switzerland,Granit Xhaka,M,30,"6'1""",176 lbs
Switzerland,Denis Zakaria,M,25,"6'3""",178 lbs
Switzerland,Zeki Amdouni,F,21,"6'0""",174 lbs
Switzerland,Breel Embolo,F,25,"6'1""",194 lbs
Switzerland,Cedric Itten,F,25,"6'2""",185 lbs
Switzerland,Dan Ndoye,F,21,"6'0""",171 lbs
Switzerland,Haris Seferovic,F,30,"6'0""",194 lbs
Tunisia,Ben Cherifia,G,31,"5'11""",182 lbs
Tunisia,Farouk Ben Mustapha,G,33,"6'4""",180 lbs
Tunisia,Aymen Dahmen,G,25,-,-
Tunisia,Mouez Hassen,G,27,"6'1""",154 lbs
Tunisia,Ali Jemal,G,32,-,-
Tunisia,Bechir Ben Said,G,27,-,-
Tunisia,Aymen Abdennour,D,33,"6'1""",185 lbs
Tunisia,Ali Abdi,D,28,"6'0""",-
Tunisia,Mohamed Amine Ben Hamida,D,26,-,-
Tunisia,Zied Boughattas,D,31,"6'3""",-
Tunisia,Dylan Bronn,D,27,"6'0""",167 lbs
Tunisia,Mohamed Drager,D,26,"5'10""",163 lbs
Tunisia,Nader Ghandri,D,27,"6'4""",-
Tunisia,Oussama Haddadi,D,30,"6'0""",174 lbs
Tunisia,Bilel Ifa,D,32,"5'11""",-
Tunisia,Ali Maaloul,D,32,"5'6""",158 lbs
Tunisia,Yassine Meriah,D,29,"6'2""",154 lbs
Tunisia,Hamdi Nagguez,D,29,"6'1""",165 lbs
Tunisia,Omar Rekik,D,20,-,-
Tunisia,Montassar Talbi,D,24,"6'2""",-
Tunisia,Mohamed Ben Larbi,M,26,"5'7""",-
Tunisia,Ayman Ben Mohamed,M,27,"6'3""",163 lbs
Tunisia,Mortadha Ben Ouanes,M,28,"5'11""",-
Tunisia,Mohamed Ali Ben Romdhane,M,23,"6'0""",-
Tunisia,Saad Bguir,M,28,"5'10""",-
Tunisia,Ghaylene Chaalali,M,28,"5'10""",154 lbs
Tunisia,Yassine Chammakhi,M,27,-,-
Tunisia,Saif-Eddine Khaoui,M,27,"5'10""",149 lbs
Tunisia,Aissa Laidouni,M,25,"6'0""",160 lbs
Tunisia,Hannibal Mejbri,M,19,-,-
Tunisia,Hamza Rafia,M,23,-,-
Tunisia,Ferjani Sassi,M,30,"6'1""",176 lbs
Tunisia,Ellyes Skhiri,M,27,"6'0""",163 lbs
Tunisia,Anis Slimane,M,21,"6'2""",-
Tunisia,Naim Sliti,M,30,"5'8""",167 lbs
Tunisia,Anice Badri,F,32,"5'10""",154 lbs
Tunisia,Firas Chaouat,F,26,"6'0""",-
Tunisia,Seifeddine Jaziri,F,29,"5'10""",-
Tunisia,Issam Jebali,F,30,"6'2""",185 lbs
Tunisia,Wahbi Khazri,F,31,"5'11""",167 lbs
Tunisia,Taha Yassine Khenissi,F,30,"5'10""",165 lbs
Tunisia,Amor Layouni,F,30,"6'3""",171 lbs
Tunisia,Hamza Mathlouthi,F,30,"6'0""",-
Tunisia,Youssef Msakni,F,31,"5'10""",160 lbs
Tunisia,Sebastian Tounekti,F,20,-,-
Tunisia,Yoann Touzghar,F,35,"5'10""",165 lbs
United states,Brad Guzan,G,38,"6'3""",209 lbs
United states,Bill Hamid,G,31,"6'3""",224 lbs
United states,Ethan Horvath,G,27,"6'3""",180 lbs
United states,Ethan Horvath,G,27,-,-
United states,Sean Johnson,G,33,"6'2""",220 lbs
United states,Tim Melia,G,36,"6'0""",189 lbs
United states,David Ochoa,G,21,"6'2""",174 lbs
United states,Gabriel Slonina,G,18,"6'3""",196 lbs
United states,Zack Steffen,G,27,"6'3""",182 lbs
United states,Matt Turner,G,28,"6'2""",174 lbs
United states,George Bello,D,20,"5'7""",154 lbs
United states,George Bello,D,-,-,-
United states,John Brooks,D,29,"6'3""",171 lbs
United states,Reggie Cannon,D,24,"5'10""",165 lbs
United states,Cameron Carter-Vickers,D,24,"6'0""",189 lbs
United states,Justin Che,D,18,"6'0""",-
United states,Sergino Dest,D,21,"5'8""",-
United states,Kyle Duncan,D,25,"5'9""",149 lbs
United states,Chase Gasper,D,26,"6'0""",180 lbs
United states,Jonathan German Gomez,D,19,-,-
United states,Aaron Herrera,D,25,"5'10""",160 lbs
United states,Henry Kessler,D,24,"6'3""",185 lbs
United states,Aaron Long,D,30,"6'1""",174 lbs
United states,Mark McKenzie,D,23,"5'11""",185 lbs
United states,Matt Miazga,D,27,"6'3""",185 lbs
United states,Shaquell Moore,D,25,"5'10""",163 lbs
United states,Erik Palmer-Brown,D,25,"6'1""",194 lbs
United states,Erik Palmer-Brown,D,-,-,-
United states,Donovan Pines,D,24,"6'5""",200 lbs
United states,Tim Ream,D,35,"6'1""",174 lbs
United states,Chris Richards,D,22,"6'2""",-
United states,Antonee Robinson,D,25,"6'0""",160 lbs
United states,Miles Robinson,D,25,"6'2""",185 lbs
United states,Joe Scally,D,19,"5'10""",147 lbs
United states,Auston Trusty,D,24,"6'2""",185 lbs
United states,Sam Vines,D,23,"5'10""",149 lbs
United states,DeAndre Yedlin,D,29,"5'8""",165 lbs
United states,Walker Zimmerman,D,29,"6'3""",185 lbs
United states,Walker Zimmerman,D,29,-,-
United states,Brenden Aaronson,M,21,"5'10""",141 lbs
United states,Kellyn Acosta,M,27,"5'9""",141 lbs
United states,Kellyn Acosta,M,27,-,-
United states,Tyler Adams,M,23,"5'8""",158 lbs
United states,Frankie Amaya,M,22,"5'4""",143 lbs
United states,Paul Arriola,M,27,"5'6""",145 lbs
United states,Cole Bassett,M,21,"5'10""",147 lbs
United states,Gianluca Busio,M,20,"5'7""",134 lbs
United states,Caden Clark,M,19,"5'10""",154 lbs
United states,Luca de la Torre,M,24,"5'8""",138 lbs
United states,Hassani Dotson,M,25,"5'10""",169 lbs
United states,Leon Maximilian Flach,M,21,"6'0""",-
United states,Julian Green,M,27,"5'8""",154 lbs
United states,Sebastian Lletget,M,30,"5'10""",165 lbs
United states,Weston McKennie,M,24,"6'0""",185 lbs
United states,Djordje Mihailovic,M,23,"5'10""",152 lbs
United states,Yunus Musah,M,19,"5'10""",165 lbs
United states,Moses Nyeman,M,18,"5'4""",134 lbs
United states,Kevin Paredes,M,19,"5'6""",119 lbs
United states,Andres Perea,M,21,"5'11""",163 lbs
United states,Paxton Pomykal,M,22,"5'7""",145 lbs
United states,Giovanni Reyna,M,19,"6'0""",174 lbs
United states,Memo Rodriguez,M,26,"5'8""",141 lbs
United states,Cristian Roldan,M,27,"5'7""",165 lbs
United states,James Sands,M,22,"5'10""",160 lbs
United states,James Sands,M,-,-,-
United states,Tanner Tessmann,M,21,"6'2""",198 lbs
United states,Eryk Williamson,M,25,"5'8""",154 lbs
United states,Jackson Yueill,M,25,"5'9""",165 lbs
United states,Jozy Altidore,F,32,"5'11""",158 lbs
United states,Corey Baird,F,26,"5'10""",160 lbs
United states,Cade Cowell,F,18,"5'8""",154 lbs
United states,Daryl Dike,F,22,"6'2""",-
United states,Daryl Dike,F,22,-,-
United states,Jeremy Ebobisse,F,25,"6'0""",174 lbs
United states,Jesus Ferreira,F,21,"5'7""",141 lbs
United states,Nicholas Gioacchini,F,22,"6'0""",160 lbs
United states,Matthew Hoppe,F,21,"6'3""",176 lbs
United states,Brooks Lennon,F,25,"5'9""",154 lbs
United states,Jonathan Lewis,F,25,"5'6""",149 lbs
United states,Jordan Morris,F,27,"5'11""",182 lbs
United states,Chris Mueller,F,26,"5'8""",169 lbs
United states,Jordan Pefok,F,26,-,-
United states,Ricardo Pepi,F,19,"6'0""",169 lbs
United states,Christian Pulisic,F,24,"5'7""",138 lbs
United states,Robbie Robinson,F,23,"5'10""",169 lbs
United states,Rubio Rubin,F,26,"6'0""",176 lbs
United states,Josh Sargent,F,22,"6'0""",176 lbs
United states,Jordan Siebatcheu,F,26,"6'2""",185 lbs
United states,Mason Toye,F,23,"6'3""",180 lbs
United states,Tim Weah,F,22,"6'0""",145 lbs
United states,Timothy Weah,F,22,-,-
United states,Gyasi Zardes,F,31,"6'2""",174 lbs
Uruguay,Fernando Muslera,G,36,"6'2""",187 lbs
Uruguay,Sergio Rochet,G,29,"6'2""",180 lbs
Uruguay,Sebastian Sosa,G,36,"6'0""",169 lbs
Uruguay,Ronald Araujo,D,23,"6'2""",174 lbs
Uruguay,Martin Caceres,D,35,"5'10""",169 lbs
Uruguay,Sebastian Coates,D,32,"6'3""",202 lbs
Uruguay,Jose Maria Gimenez,D,27,"6'0""",176 lbs
Uruguay,Diego Godin,D,36,"6'1""",176 lbs
Uruguay,Alan Matturro,D,18,"6'2""",-
Uruguay,Mathias Olivera,D,24,"5'8""",171 lbs
Uruguay,Damian Suarez,D,34,"5'7""",134 lbs
Uruguay,Guillermo Varela,D,29,"5'8""",154 lbs
Uruguay,Matias Vina,D,24,"5'9""",154 lbs
Uruguay,Mauro Arambarri,M,27,"5'8""",163 lbs
Uruguay,Agustin Canobbio,M,24,"5'8""",165 lbs
Uruguay,Giorgian De Arrascaeta,M,28,"5'8""",160 lbs
Uruguay,Nicol√°s De La Cruz,M,25,"5'5""",154 lbs
Uruguay,Fernando Gorriaran,M,27,"5'6""",149 lbs
Uruguay,Facundo Pellistri,M,20,"5'8""",143 lbs
Uruguay,Lucas Torreira,M,26,"5'5""",143 lbs
Uruguay,Manuel Ugarte,M,21,"5'9""",-
Uruguay,Federico Valverde,M,24,"5'11""",171 lbs
Uruguay,Matias Vecino,M,31,"6'1""",176 lbs
Uruguay,Edinson Cavani,F,35,"6'0""",156 lbs
Uruguay,Maxi Gomez,F,26,"6'1""",200 lbs
Uruguay,Darwin Nunez,F,23,"6'1""",174 lbs
Uruguay,Diego Rossi,F,24,"5'6""",145 lbs
Uruguay,Augusto Scarone,F,18,"5'6""",-
Wales,Wayne Hennessey,G,35,"6'5""",198 lbs
Wales,Tom King,G,27,"6'1""",176 lbs
Wales,Danny Ward,G,29,"6'3""",194 lbs
Wales,Ben Cabango,D,22,"6'2""",-
Wales,Chris Gunter,D,33,"5'10""",156 lbs
Wales,Chris Mepham,D,24,"6'3""",185 lbs
Wales,Rhys Norrington-Davies,D,23,"5'11""",149 lbs
Wales,Connor Roberts,D,27,"6'2""",216 lbs
Wales,Joe Rodon,D,24,"6'3""",167 lbs
Wales,Neco Williams,D,21,"6'0""",167 lbs
Wales,Daniel James,M,24,"5'7""",167 lbs
Wales,Jordan James,M,18,-,-
Wales,Brennan Johnson,M,21,"5'10""",-
Wales,Dylan Levitt,M,21,"5'10""",156 lbs
Wales,Joe Morrell,M,25,"6'0""",165 lbs
Wales,Matt Smith,M,22,-,-
Wales,Jonathan Williams,M,29,"5'6""",132 lbs
Wales,Gareth Bale,F,33,"6'0""",180 lbs
Wales,Wes Burns,F,27,"5'8""",149 lbs
Wales,Rubin Colwill,F,20,-,-
Wales,Mark Thomas Harris,F,23,-,-
Wales,Kieffer Moore,F,30,"6'5""",182 lbs
Wales,Tyler Roberts,F,23,"5'10""",165 lbs
Wales,Sorba Thomas,F,23,"6'0""",-
