Title,Year,Durations,Movie/TV,Quality,Image
Love & Hip Hop Atlanta: Run It Back,SS 1,EPS ,TV,HD,https://img.freemovies360.com/resize/182x274/9a/67/9a673ecaf154b59ade228f360862d46d/9a673ecaf154b59ade228f360862d46d.jpg
Mermaze Mermaidz,SS 1,EPS ,TV,HD,https://img.freemovies360.com/resize/182x274/5e/50/5e506cffae4af672021bd97289b4d177/5e506cffae4af672021bd97289b4d177.jpg
A Small Light,SS 1,EPS ,TV,HD,https://img.freemovies360.com/resize/182x274/8b/29/8b297c877ed97e41db16b286e8acebe9/8b297c877ed97e41db16b286e8acebe9.jpg
Stone Cold Takes on America,SS 1,EPS ,TV,HD,https://img.freemovies360.com/resize/182x274/a8/e9/a8e90e8b16e83575a39caaf20fc60bc8/a8e90e8b16e83575a39caaf20fc60bc8.jpg
Seeking Brother Husband,SS 1,EPS ,TV,HD,https://img.freemovies360.com/resize/182x274/38/28/382825798bcaaf4a2e75798a786ceb54/382825798bcaaf4a2e75798a786ceb54.jpg
Fix My Frankenhouse,SS 1,EPS ,TV,HD,https://img.freemovies360.com/resize/182x274/39/7d/397d7411bd578c99651dbec9e1779d02/397d7411bd578c99651dbec9e1779d02.jpg
NTT INDYCAR SERIES: 100 Days to Indy,SS 1,EPS ,TV,HD,https://img.freemovies360.com/resize/182x274/b1/e4/b1e41e35f6a4eb4685ebbedc4c2a19c6/b1e41e35f6a4eb4685ebbedc4c2a19c6.jpg
White House Plumbers,SS 1,EPS ,TV,HD,https://img.freemovies360.com/resize/182x274/28/2e/282e4094c31d620e697a47272fa45f2a/282e4094c31d620e697a47272fa45f2a.jpg
Fatal Attraction,SS 1,EPS ,TV,HD,https://img.freemovies360.com/resize/182x274/a0/6c/a06c6601a3b489b2206a35deff1a1f32/a06c6601a3b489b2206a35deff1a1f32.jpg
The Good Bad Mother,SS 1,EPS ,TV,HD,https://img.freemovies360.com/resize/182x274/d5/79/d579ef2ceacd535ca38d9a09f5ed70ab/d579ef2ceacd535ca38d9a09f5ed70ab.jpg
Queen of Masks,SS 1,EPS ,TV,HD,https://img.freemovies360.com/resize/182x274/ec/48/ec48616242ac56375ad34792e71ec7f4/ec48616242ac56375ad34792e71ec7f4.jpg
The Big Interiors Battle,SS 1,EPS ,TV,HD,https://img.freemovies360.com/resize/182x274/71/d6/71d62bf781a08839847a6b728e257867/71d62bf781a08839847a6b728e257867.jpg
Mark Rober's Revengineers,SS 1,EPS ,TV,HD,https://img.freemovies360.com/resize/182x274/9f/9d/9f9d04b7d94eaad88bd4842033a1657e/9f9d04b7d94eaad88bd4842033a1657e.jpg
Fred and Rose West: Reopened,SS 1,EPS ,TV,HD,https://img.freemovies360.com/resize/182x274/6c/8c/6c8c0eefe05afc61549d21abdc88c9e2/6c8c0eefe05afc61549d21abdc88c9e2.jpg
How to Become a Tyrant,SS 1,EPS ,TV,HD,https://img.freemovies360.com/resize/182x274/ff/1d/ff1df4d23bfe2803926683947d12af80/ff1df4d23bfe2803926683947d12af80.jpg
The Nurse,SS 1,EPS ,TV,HD,https://img.freemovies360.com/resize/182x274/44/b8/44b873037e930483a054cf2facc7654a/44b873037e930483a054cf2facc7654a.jpg
I Am Hope,SS 1,EPS ,TV,HD,https://img.freemovies360.com/resize/182x274/80/48/80483498c3b1e9dcb3b431dab4600c6b/80483498c3b1e9dcb3b431dab4600c6b.jpg
Citadel,SS 1,EPS ,TV,HD,https://img.freemovies360.com/resize/182x274/db/f6/dbf6f47b759a2370851a2d82116ac04a/dbf6f47b759a2370851a2d82116ac04a.jpg
Love & Death,SS 1,EPS ,TV,HD,https://img.freemovies360.com/resize/182x274/8e/7f/8e7f637f80b102a525204e9de8cd3cb5/8e7f637f80b102a525204e9de8cd3cb5.jpg
Risqu√© Business: Japan,SS 1,EPS ,TV,HD,https://img.freemovies360.com/resize/182x274/73/dc/73dc8595a195341a15af8622c5f50701/73dc8595a195341a15af8622c5f50701.jpg
MTV's Family Legacy,SS 1,EPS ,TV,HD,https://img.freemovies360.com/resize/182x274/1c/11/1c1130d751bee3fdb936ad54e8be9f1e/1c1130d751bee3fdb936ad54e8be9f1e.jpg
Matildas: The World at Our Feet,SS 1,EPS ,TV,HD,https://img.freemovies360.com/resize/182x274/5a/d6/5ad681f37d2be4fb311722c091202173/5ad681f37d2be4fb311722c091202173.jpg
Love After Music,SS 1,EPS ,TV,HD,https://img.freemovies360.com/resize/182x274/d4/f2/d4f22a412f431cd9485321df31ffbb87/d4f22a412f431cd9485321df31ffbb87.jpg
Sam: A Saxon,SS 1,EPS ,TV,HD,https://img.freemovies360.com/resize/182x274/90/05/9005c062597b87ba4aa1e196d18ea34c/9005c062597b87ba4aa1e196d18ea34c.jpg
I'm a Celebrity... South Africa,SS 1,EPS ,TV,HD,https://img.freemovies360.com/resize/182x274/4f/33/4f33803e2b0f244b648ffc7adf4560f1/4f33803e2b0f244b648ffc7adf4560f1.jpg
Discovering David Dobrik,SS 1,EPS ,TV,HD,https://img.freemovies360.com/resize/182x274/6f/2b/6f2b9cfc8cebb79c9a920c1742bb8e2e/6f2b9cfc8cebb79c9a920c1742bb8e2e.jpg
Tyler Perry's Zatima,SS 2,EPS 1,TV,HD,https://img.freemovies360.com/resize/182x274/da/44/da443247a2b433877de54481f2923f1b/da443247a2b433877de54481f2923f1b.jpg
Tooth Pari: When Love Bites,SS 1,EPS ,TV,HD,https://img.freemovies360.com/resize/182x274/73/a0/73a028260c5110ed9f8c3ee9a4765470/73a028260c5110ed9f8c3ee9a4765470.jpg
Ted Bundy: The Survivors,SS 1,EPS ,TV,HD,https://img.freemovies360.com/resize/182x274/e9/ab/e9ab8caa2a3895e5ab4a92215d8ba02d/e9ab8caa2a3895e5ab4a92215d8ba02d.jpg
Nacho,SS 1,EPS ,TV,HD,https://img.freemovies360.com/resize/182x274/43/e1/43e18f4a8f343bfffdef2eec9deb2694/43e18f4a8f343bfffdef2eec9deb2694.jpg
Murder of God's Banker,SS 1,EPS ,TV,HD,https://img.freemovies360.com/resize/182x274/f3/49/f349999c9b9e796fd3bf763fc3234ed8/f349999c9b9e796fd3bf763fc3234ed8.jpg
Saint X,SS 1,EPS ,TV,HD,https://img.freemovies360.com/resize/182x274/4f/92/4f9272566ade3d3101fab97d3809488b/4f9272566ade3d3101fab97d3809488b.jpg
Ciao House,SS 1,EPS ,TV,HD,https://img.freemovies360.com/resize/182x274/39/1b/391b6e232ef352d8b145b5350ad28245/391b6e232ef352d8b145b5350ad28245.jpg
Amityville: An Origin Story,SS 1,EPS ,TV,HD,https://img.freemovies360.com/resize/182x274/13/a1/13a1b1138290680e7a823495e47d4022/13a1b1138290680e7a823495e47d4022.jpg
Malpractice,SS 1,EPS ,TV,HD,https://img.freemovies360.com/resize/182x274/a1/33/a1336bc98ff4c9740cb71c79e25a0b2c/a1336bc98ff4c9740cb71c79e25a0b2c.jpg
Rough Diamonds,SS 1,EPS ,TV,HD,https://img.freemovies360.com/resize/182x274/40/16/4016f598c443fc9250ea94a45c5955bc/4016f598c443fc9250ea94a45c5955bc.jpg
Dear Mama: The Saga of Afeni and Tupac Shakur,SS 1,EPS ,TV,HD,https://img.freemovies360.com/resize/182x274/25/c8/25c8ec1264a13db4c67bced3ef34d55a/25c8ec1264a13db4c67bced3ef34d55a.jpg
Dead Ringers,SS 1,EPS ,TV,HD,https://img.freemovies360.com/resize/182x274/b3/d7/b3d7888ad7ba3cfab08e997973afa17f/b3d7888ad7ba3cfab08e997973afa17f.jpg
To Serve and Protect,SS 8,EPS ,TV,SD,https://img.freemovies360.com/resize/182x274/7d/aa/7daa566aaa7a326e987203c3390b2994/7daa566aaa7a326e987203c3390b2994.jpg
Motel Valkirias,SS 1,EPS ,TV,HD,https://img.freemovies360.com/resize/182x274/e9/ce/e9ce510d0fe29a0adc5440da2448874e/e9ce510d0fe29a0adc5440da2448874e.jpg
Totally Completely Fine,SS 1,EPS ,TV,HD,https://img.freemovies360.com/resize/182x274/08/4f/084f8997691b0f531c33dbc9de2016eb/084f8997691b0f531c33dbc9de2016eb.jpg
The Diplomat,SS 1,EPS ,TV,HD,https://img.freemovies360.com/resize/182x274/4b/1c/4b1cd11f4cf09a30ded309d0721ed549/4b1cd11f4cf09a30ded309d0721ed549.jpg
Ex-Addicts Club,SS 1,EPS 1,TV,HD,https://img.freemovies360.com/resize/182x274/73/4a/734a43c186af0e5a071d9e7924fc3e94/734a43c186af0e5a071d9e7924fc3e94.jpg
Slip,SS 1,EPS ,TV,HD,https://img.freemovies360.com/resize/182x274/79/37/7937e70b2aed31873e1f8765562921ee/7937e70b2aed31873e1f8765562921ee.jpg
Warship: Life at Sea,SS 3,EPS ,TV,HD,https://img.freemovies360.com/resize/182x274/ad/ce/adce0ab00ccd93cf5f67334390069f25/adce0ab00ccd93cf5f67334390069f25.jpg
Family: The Unbreakable Bond,SS 1,EPS ,TV,HD,https://img.freemovies360.com/resize/182x274/21/dd/21ddaef11cc85872163acc53f754cab4/21ddaef11cc85872163acc53f754cab4.jpg
Mrs. Davis,SS 1,EPS ,TV,HD,https://img.freemovies360.com/resize/182x274/34/79/34794b1cd2696575842ef0ae33ac60dc/34794b1cd2696575842ef0ae33ac60dc.jpg
Headliners With Rachel Nichols,SS 1,EPS ,TV,HD,https://img.freemovies360.com/resize/182x274/ed/a8/eda84640869cf14e041127247e0a4ec0/eda84640869cf14e041127247e0a4ec0.jpg
Drops of God,SS 1,EPS ,TV,HD,https://img.freemovies360.com/resize/182x274/24/a6/24a67207816ed777cb98b56ca9b82c6f/24a67207816ed777cb98b56ca9b82c6f.jpg
Big Beasts,SS 1,EPS ,TV,HD,https://img.freemovies360.com/resize/182x274/e8/b2/e8b246ca58971e48c700618cfc4dbd60/e8b246ca58971e48c700618cfc4dbd60.jpg
Fired on Mars,SS 1,EPS ,TV,HD,https://img.freemovies360.com/resize/182x274/ee/86/ee8639872120e4e3f5b579d138515bd3/ee8639872120e4e3f5b579d138515bd3.jpg
Chimp Empire,SS 1,EPS ,TV,HD,https://img.freemovies360.com/resize/182x274/34/5c/345cc9db093da2411f12900be2292f48/345cc9db093da2411f12900be2292f48.jpg
Great Australian Stuff,SS 1,EPS ,TV,HD,https://img.freemovies360.com/resize/182x274/d9/98/d99834dbbda461d6fc6084853b8c69f7/d99834dbbda461d6fc6084853b8c69f7.jpg
"Algiers, America",SS 1,EPS ,TV,HD,https://img.freemovies360.com/resize/182x274/54/a5/54a5aab7040e364b7ac28faf38e2be7b/54a5aab7040e364b7ac28faf38e2be7b.jpg
Britain's Most Luxurious Train Journeys,SS 1,EPS ,TV,HD,https://img.freemovies360.com/resize/182x274/08/16/081609b8bc315f1e8eb73db6b4f8bd06/081609b8bc315f1e8eb73db6b4f8bd06.jpg
Scared of the Dark,SS 1,EPS ,TV,HD,https://img.freemovies360.com/resize/182x274/ce/56/ce56432cb3f76b1853f8287a091ff91f/ce56432cb3f76b1853f8287a091ff91f.jpg
How to Get Rich,SS 1,EPS ,TV,HD,https://img.freemovies360.com/resize/182x274/31/26/31262c6bf3cc13d67251b0fb88c6f54d/31262c6bf3cc13d67251b0fb88c6f54d.jpg
The Hunt for Raoul Moat,SS 1,EPS ,TV,HD,https://img.freemovies360.com/resize/182x274/8e/75/8e75fdfa49c4c0b64ae98d14d44aaba7/8e75fdfa49c4c0b64ae98d14d44aaba7.jpg
The Adventures of Paddington,SS 1,EPS 2,TV,HD,https://img.freemovies360.com/resize/182x274/6a/0b/6a0b7ec926db28096a0f72daf8aae6ab/6a0b7ec926db28096a0f72daf8aae6ab.jpg
Oggy Oggy,SS 2,EPS 1,TV,HD,https://img.freemovies360.com/resize/182x274/e9/32/e9320e3669a4cc1958880b6ab5b4fb5e/e9320e3669a4cc1958880b6ab5b4fb5e.jpg
My Design Rules,SS 2,EPS 1,TV,HD,https://img.freemovies360.com/resize/182x274/f1/42/f142488ddd7f131d2a9f524c16e7a9e1/f142488ddd7f131d2a9f524c16e7a9e1.jpg
Giuliani: What Happened to America's Mayor?,SS 1,EPS ,TV,HD,https://img.freemovies360.com/resize/182x274/ae/63/ae6349d1e1a83466e5263951fc39a7a0/ae6349d1e1a83466e5263951fc39a7a0.jpg
Don't Leave Me,SS 1,EPS ,TV,HD,https://img.freemovies360.com/resize/182x274/34/77/347758c7746bcda0a32edfdde885589f/347758c7746bcda0a32edfdde885589f.jpg
Ramsay's Boiling Point,SS 1,EPS ,TV,HD,https://img.freemovies360.com/resize/182x274/5f/fe/5ffefc49cac60aed67ae1f645279eac2/5ffefc49cac60aed67ae1f645279eac2.jpg
