,Name,Features,Phone,Suite,Logo_url,Category1,Category2,Status,Deal
0,85C Bakery Cafe,"['specialty-food', 'curbside-pickup', 'delivery', 'dine-in', 'outdoor-seating', 'takeout', 'coffee-tea', 'desserts', 'taiwanese', 'boba-bubble-tea', 'bakeries', '']",(949) 727-0985,915,https://images.ctfassets.net/l16b5usqno44/umb-media-74922/e3d6ed05708a44a07d89fbed068e5c90/store-logo-85cbakerycafe.jpg?w=223&fm=png,dining,restaurants,,False
1,adidas,"['children-s-apparel', 'men-s-apparel', 'shoes-handbags-luggage', 'sporting-goods-active-wear', 'women-s-apparel', 'curbside-pickup', 'in-store-shopping', '']",(949) 753-0305,650,https://images.ctfassets.net/l16b5usqno44/umb-media-74924/dd629257f147701583e5110823eb5b65/store-logo-adidas.png?w=223&fm=png,shopping,stores,,False
2,aerie,"['women-s-apparel', 'curbside-pickup', 'in-store-shopping', '']",(949) 255-9186,721,https://images.ctfassets.net/l16b5usqno44/umb-media-74925/0bd263a0a6dcb31592ea33b7e251757b/store-logo-aerie.png?w=223&fm=png,shopping,stores,,False
3,Afters Ice Cream,"['specialty-food', 'delivery', 'dine-in', 'outdoor-seating', 'takeout', 'desserts', '']",,918,https://images.ctfassets.net/l16b5usqno44/umb-media-74926/94f56aa34af23ac0a831c0c350b8ad23/store-logo-aftersicecream.jpg?w=223&fm=png,dining,restaurants,,False
4,Alley,"['specialty-food', 'delivery', 'dine-in', 'outdoor-seating', 'takeout', 'coffee-tea', '']",(949) 932-0634,507,https://images.ctfassets.net/l16b5usqno44/umb-media-75100/491629ae87b8781c5c456c61478fceea/store-logo-thealley.png?w=223&fm=png,dining,restaurants,,False
5,American Eagle,"['men-s-apparel', 'women-s-apparel', 'curbside-pickup', 'in-store-shopping', '']",(949) 255-9186,721,https://images.ctfassets.net/l16b5usqno44/umb-media-74929/69df8ae6f56f391b127c7d265ea08331/store-logo-americaneagle.png?w=223&fm=png,shopping,stores,,False
6,Anthropologie,"['accessories', 'beauty', 'books-cards-gifts', 'home-furnishings-decor', 'jewelry-timepieces', 'shoes-handbags-luggage', 'swimwear', 'women-s-apparel', 'curbside-pickup', 'in-store-shopping', '']",(949) 341-0104,803,https://images.ctfassets.net/l16b5usqno44/umb-media-74932/495495a77d63dfa823dc0ee7c3f59363/store-logo-anthropologie.png?w=223&fm=png,shopping,stores,,False
7,Apple ,"['electronics-home-entertainment', 'by-appointment', 'curbside-pickup', 'in-store-shopping', '']",(949) 255-1500,930,https://images.ctfassets.net/l16b5usqno44/umb-media-74933/43d2d9b6cc61aba2ba6137e9fbc1a1d3/store-logo-apple.png?w=223&fm=png,shopping,stores,,False
8,ATT,"['electronics-home-entertainment', 'in-store-shopping', '']",(949) 396-2393,519,https://images.ctfassets.net/l16b5usqno44/umb-media-74937/6d36103a04605fd75b013917531f8df7/store-logo-att-plain.png?w=223&fm=png,shopping,stores,,False
9,Auntie Anne's Pretzels,"['specialty-food', 'curbside-pickup', 'delivery', 'dine-in', 'outdoor-seating', 'takeout', 'pretzels', 'deals']",(949) 453-0643,737,https://images.ctfassets.net/l16b5usqno44/umb-media-74938/9587f6921bcd061b48f924caf4294b25/store-logo-auntieannes.jpg?w=223&fm=png,dining,restaurants,,True
10,Aveda Belle Isle Salon & Spa,"['beauty', 'by-appointment', 'curbside-pickup', 'in-store-shopping', '']",(949) 450-0300,769,https://images.ctfassets.net/l16b5usqno44/umb-media-74940/12c34af70384d42bebe3f2c6c1f5b933/store-logo-avedabelleisle.png?w=223&fm=png,shopping,stores,,False
11,Bakery Habana,"['specialty-food', 'curbside-pickup', 'delivery', 'dine-in', 'outdoor-seating', 'takeout', 'coffee-tea', 'cuban', 'desserts', '']",(949) 419-0100,708,https://images.ctfassets.net/l16b5usqno44/umb-media-74959/fe2122d68c2809cbeafe7bcf870293cd/store-logo-habana.png?w=223&fm=png,dining,restaurants,,False
12,Barnes & Noble Booksellers,"['books-cards-gifts', 'curbside-pickup', 'in-store-shopping', '']",(949) 585-0233,728,https://images.ctfassets.net/l16b5usqno44/umb-media-74941/8cdfeff77347caf36236e2ca087d490e/store-logo-barnesnoblebooksellers.png?w=223&fm=png,shopping,stores,,False
13,Baseballism,"['accessories', 'children-s-apparel', 'men-s-apparel', 'shoes-handbags-luggage', 'sporting-goods-active-wear', 'women-s-apparel', 'curbside-pickup', 'in-store-shopping', '']",(949) 288-5313,862,https://images.ctfassets.net/l16b5usqno44/umb-media-74942/a89f6bfa790f54f99d24fb86e123b215/store-logo-baseballism.png?w=223&fm=png,shopping,stores,,False
14,Bearfruit Jewelry,"['jewelry-timepieces', '']",(949) 932-0124,742,https://images.ctfassets.net/l16b5usqno44/umb-media-74955/4f800ab92875c0200190f2c669984f8a/store-logo-bearfruitjewelry.jpg?w=223&fm=png,shopping,stores,,False
15,BLKdot Coffee,"['restaurants-casual-quick', 'specialty-food', 'curbside-pickup', 'dine-in', 'outdoor-seating', 'takeout', 'coffee-tea', 'vietnamese', '']",(949) 585-9528,924,https://images.ctfassets.net/l16b5usqno44/umb-media-74944/4e31fc9924ad7a7b774242c64ab55b27/store-logo-blkcoffee.jpg?w=223&fm=png,dining,restaurants,,False
16,Body Shop,"['beauty', 'in-store-shopping', '']",(949) 753-1833,767,https://images.ctfassets.net/l16b5usqno44/umb-media-75101/38d44db159b7b74079f1b92a6604df95/store-logo-thebodyshop.png?w=223&fm=png,shopping,stores,,False
17,BoxLunch,"['books-cards-gifts', 'by-appointment', 'curbside-pickup', 'in-store-shopping', '']",(949) 753-1391,753,https://images.ctfassets.net/l16b5usqno44/umb-media-74947/9fb7e7c00d8690fa5f2f053da4a71eb2/store-logo-boxlunch.png?w=223&fm=png,shopping,stores,,False
18,Brandy Melville,"['accessories', 'women-s-apparel', 'in-store-shopping', '']",(949) 932-0433,843,https://images.ctfassets.net/l16b5usqno44/umb-media-74948/eba1b2ac7142678de159cb174f9cb741/store-logo-brandymelville.jpg?w=223&fm=png,shopping,stores,,False
19,Brighton Collectibles,"['accessories', 'eyewear', 'jewelry-timepieces', 'shoes-handbags-luggage', 'by-appointment', 'in-store-shopping', '']",(949) 754-0485,766,https://images.ctfassets.net/l16b5usqno44/umb-media-74950/302582aaf992a4abc8d14b4e7cad8124/store-logo-brighton.png?w=223&fm=png,shopping,stores,,False
20,BRIO Tuscan Grille,"['restaurants-full-service-dining', 'curbside-pickup', 'dine-in', 'outdoor-seating', 'takeout', 'italian', 'open-table', '']",(949) 341-0380,774,https://images.ctfassets.net/l16b5usqno44/umb-media-74952/545808c1be1eba6e2c17056906a1c5a4/store-logo-briotuscangrille.png?w=223&fm=png,dining,restaurants,,False
21,Bristol Farms Newfound Market,"['grocery-drug', 'specialty-food', 'now-open', '']",(949) 620-4010,700,https://images.ctfassets.net/l16b5usqno44/umb-media-78028/8acee18d96423b3862e9a20e14ffffd1/NewfoundMarket-Store-Logo.jpg?w=223&fm=png,shopping,stores,Now Open,False
22,Burnin Mouth,"['restaurants-casual-quick', 'now-open', 'american', 'korean', 'sandwiches', 'chicken', '']",,510,https://images.ctfassets.net/l16b5usqno44/umb-media-78589/b4d35c5d739cc2e2d1316d1fbe1b15cc/store-logo-burninmouth.png?w=223&fm=png,dining,restaurants,Now Open,False
23,California Pizza Kitchen,"['restaurants-full-service-dining', 'curbside-pickup', 'delivery', 'dine-in', 'outdoor-seating', 'takeout', 'american', 'pizza', 'deals']",(949) 585-9531,521,https://images.ctfassets.net/l16b5usqno44/umb-media-79968/55940e78ec720e3b735e23d907b429e6/store-logo-californiapizzakitchen.png?w=223&fm=png,dining,restaurants,,True
24,Capital Dim Sum - Seafood - Bar,"['restaurants-full-service-dining', 'curbside-pickup', 'delivery', 'dine-in', 'outdoor-seating', 'takeout', 'chinese', 'open-table', '']",(949) 788-9218,770,https://images.ctfassets.net/l16b5usqno44/umb-media-74962/1d3e2f633b6e3c903e5eb79a45847e88/store-logo-capitaldimsumseafoodbar.png?w=223&fm=png,dining,restaurants,,False
25,Capital One Café,"['bank-financial', 'services', 'now-open', '']",(949) 656-2449,757,https://images.ctfassets.net/l16b5usqno44/umb-media-76209/355d8030e502badf92110fd243b1393d/store-logo-capitalonecafe.jpg?w=223&fm=png,shopping,stores,Now Open,False
26,Champs Sports,"['accessories', 'children-s-apparel', 'men-s-apparel', 'sporting-goods-active-wear', 'women-s-apparel', 'in-store-shopping', '']",(949) 727-4363,658,https://images.ctfassets.net/l16b5usqno44/umb-media-74965/a393257838a5f742eeb30d5c7658c86e/store-logo-champs.jpg?w=223&fm=png,shopping,stores,,False
27,Cheesecake Factory,"['restaurants-full-service-dining', 'curbside-pickup', 'delivery', 'dine-in', 'outdoor-seating', 'takeout', 'american', '']",(949) 788-9998,600,https://images.ctfassets.net/l16b5usqno44/umb-media-75102/5e66e2c33139df9aac91fd90665706c4/store-logo-thecheesecakefactory.jpg?w=223&fm=png,dining,restaurants,,False
28,Chilli Beans,"['accessories', 'eyewear', 'in-store-shopping', '']",(747) 257-3267,626,https://images.ctfassets.net/l16b5usqno44/umb-media-74968/c8fa0c66d846244403df94e39cf1305b/store-logo-chillibeans.png?w=223&fm=png,shopping,stores,,False
29,Chipotle Mexican Grill,"['restaurants-casual-quick', 'curbside-pickup', 'delivery', 'dine-in', 'outdoor-seating', 'takeout', 'mexican', '']",(949) 753-0554,731,https://images.ctfassets.net/l16b5usqno44/umb-media-74969/fdb9b0870966f1dd614d9ff6e8e12bd4/store-logo-chipotle.jpg?w=223&fm=png,dining,restaurants,,False
30,Chocolate Bash,"['specialty-food', 'delivery', 'in-store-shopping', 'now-open', 'deals']",(855) 606-2274,756,https://images.ctfassets.net/l16b5usqno44/umb-media-79944/d1f6094900748934f875a36dcb2391e7/store-logo-chocolatebash.png?w=223&fm=png,shopping,stores,Now Open,True
31,Claire's Accessories,"['accessories', 'jewelry-timepieces', 'in-store-shopping', '']",(949) 453-0338,741,https://images.ctfassets.net/l16b5usqno44/umb-media-74971/3b56dbf733bafdf537d76ea62fe9e547/store-logo-claires.jpg?w=223&fm=png,shopping,stores,,False
32,Cold Stone Creamery,"['specialty-food', 'delivery', 'dine-in', 'outdoor-seating', 'takeout', 'desserts', 'deals']",(949) 453-9738,627,https://images.ctfassets.net/l16b5usqno44/umb-media-74973/6df1731db7213f109fca440e27994717/store-logo-coldstonecreamery.png?w=223&fm=png,dining,restaurants,,True
33,Cotton On,"['men-s-apparel', 'swimwear', 'women-s-apparel', 'in-store-shopping', '']",(949) 453-0266,725,https://images.ctfassets.net/l16b5usqno44/umb-media-74975/5329ddbbd0a9bfe0f53c852070ccdd60/store-logo-cottonon.jpg?w=223&fm=png,shopping,stores,,False
34,Cotton On Kids,"['children-s-apparel', 'swimwear', 'in-store-shopping', '']",(949) 753-1864,826,https://images.ctfassets.net/l16b5usqno44/umb-media-74976/cfce0ed04b59162add17a450bc6a8eb5/store-logo-cottononkids.png?w=223&fm=png,shopping,stores,,False
35,Cotton:On Body,"['women-s-apparel', 'now-open', '']",(949) 753-6003,736,https://images.ctfassets.net/l16b5usqno44/umb-media-78676/dba1f3944431d6704e6ad2aa9f210cac/store-logo-cottononbody.png?w=223&fm=png,shopping,stores,Now Open,False
36,CUCINA enoteca,"['restaurants-full-service-dining', 'curbside-pickup', 'delivery', 'dine-in', 'outdoor-seating', 'takeout', 'takes-reservations', 'italian', 'open-table', '']",(949) 861-2222,532,https://images.ctfassets.net/l16b5usqno44/umb-media-74978/f0a69c77979ece9788701b92ad38b2e6/store-logo-cucinaenoteca.png?w=223&fm=png,dining,restaurants,,False
37,Curry Up Now,"['restaurants-casual-quick', 'curbside-pickup', 'delivery', 'dine-in', 'outdoor-seating', 'takeout', 'indian', '']",(949) 932-0153,922,https://images.ctfassets.net/l16b5usqno44/umb-media-74979/cd29602656a7dfed973e386abecf5265/store-logo-curryupnow.jpg?w=223&fm=png,dining,restaurants,,False
38,Cyclebar,"['health-fitness', 'by-appointment', 'in-store-shopping', '']",(949) 988-0584,825,https://images.ctfassets.net/l16b5usqno44/umb-media-74980/6fdf3e2a6f27416766d2f4cf8c0517f0/store-logo-cyclebar.png?w=223&fm=png,shopping,stores,,False
39,Dave & Buster's,"['entertainment', 'restaurants-full-service-dining', 'dine-in', 'outdoor-seating', 'takeout', 'american', '']",(949) 727-0555,661,https://images.ctfassets.net/l16b5usqno44/umb-media-74981/9ed93529c587f890006b555fb2585d3e/store-logo-daveandbusters.jpg?w=223&fm=png,dining,restaurants,,False
40,Del Frisco's Grille,"['restaurants-full-service-dining', 'curbside-pickup', 'delivery', 'dine-in', 'outdoor-seating', 'takeout', 'american', 'steakhouses', 'open-table', '']",(949) 341-0376,772,https://images.ctfassets.net/l16b5usqno44/umb-media-74983/ed770eb514c3a4eb71be9892bd6fa7cd/store-logo-delfriscosgrille.png?w=223&fm=png,dining,restaurants,,False
41,Dr. Martens,"['shoes-handbags-luggage', 'in-store-shopping', '']",(949) 527-9485,652,https://images.ctfassets.net/l16b5usqno44/umb-media-74985/83c25ca4556debd5f21c75b220540eb0/store-logo-drmartens.png?w=223&fm=png,shopping,stores,,False
42,Drybar,"['beauty', 'in-store-shopping', '']",(877) 379-2279,837,https://images.ctfassets.net/l16b5usqno44/umb-media-74986/33e4ae403eabdb55afed75758f5e4712/store-logo-drybar.jpg?w=223&fm=png,shopping,stores,,False
43,Duff's Cakemix,"['activities', 'entertainment', 'specialty-food', 'by-appointment', 'curbside-pickup', 'delivery', 'in-store-shopping', '']",(949) 504-4445,827,https://images.ctfassets.net/l16b5usqno44/umb-media-74987/c1307db0bd1d08ca75a2d6a28c0dd99f/store-logo-duffscakemix.png?w=223&fm=png,shopping,stores,,False
44,Erin Condren,"['books-cards-gifts', 'by-appointment', 'curbside-pickup', 'in-store-shopping', 'deals']",(949) 236-4364,832,https://images.ctfassets.net/l16b5usqno44/umb-media-74990/b25604cc7377a894a2618b15cdd41c6b/store-logo-erincondren.png?w=223&fm=png,shopping,stores,,True
45,"Escape Game, The","['entertainment', 'by-appointment', 'in-store-shopping', '']",(949) 541-9165,655,https://images.ctfassets.net/l16b5usqno44/umb-media-75104/9526ae6edf6b86072b1c50e533e4b9db/store-logo-theescapegame.png?w=223&fm=png,shopping,stores,,False
46,Etty Collection,"['accessories', 'women-s-apparel', 'in-store-shopping', '']",(949) 536-5253,606,https://images.ctfassets.net/l16b5usqno44/umb-media-74991/54c39230daa70a7fb798c87f31bf1d68/store-logo-ettycollection.png?w=223&fm=png,shopping,stores,,False
47,Fabletics,"['accessories', 'men-s-apparel', 'shoes-handbags-luggage', 'sporting-goods-active-wear', 'women-s-apparel', 'in-store-shopping', '']",(949) 541-8884,750,https://images.ctfassets.net/l16b5usqno44/umb-media-75010/a611454f3304b0317d4090688868f120/storelogo-fabletics.png?w=223&fm=png,shopping,stores,,False
48,Facialworks,"['beauty', 'by-appointment', 'in-store-shopping', '']",(949) 932-0697,717,https://images.ctfassets.net/l16b5usqno44/umb-media-75009/3d6c886b9c227a2ebc813a55e42340aa/store-logo-facialworks.jpg?w=223&fm=png,shopping,stores,,False
49,Falasophy,"['restaurants-casual-quick', 'curbside-pickup', 'delivery', 'dine-in', 'outdoor-seating', 'takeout', 'lebanese', '']",(949) 536-5008,920,https://images.ctfassets.net/l16b5usqno44/umb-media-75008/4fcb97a52768afec6e5d38c1b6ad083e/store-logo-falasophy.jpg?w=223&fm=png,dining,restaurants,,False
50,Flip Burger,"['restaurants-casual-quick', 'curbside-pickup', 'dine-in', 'outdoor-seating', 'takeout', 'burgers', '']",,705,https://images.ctfassets.net/l16b5usqno44/7qc4SWBrCycNBAJ6Mzkxmf/4eef065ae8988f1f287c5998b062be06/Store-Logo-FLIPBurger.png?w=223&fm=png,dining,restaurants,,False
51,Fogo de Chao,"['restaurants-full-service-dining', 'curbside-pickup', 'delivery', 'dine-in', 'outdoor-seating', 'takeout', 'takes-reservations', 'brazilian', 'salads', 'steakhouses', 'open-table', '']",(949) 398-1500,623,https://images.ctfassets.net/l16b5usqno44/umb-media-75005/b85a1b9d291fd67ab3028cc3123dcdd5/store-logo-fogodechao.jpg?w=223&fm=png,dining,restaurants,,False
52,Food Hall at Bristol Farms Newfound Market,"['restaurants-casual-quick', 'now-open', 'outdoor-seating', 'takeout', 'vegetarian', 'american', 'seafood', 'sushi-bars', 'salads', 'coffee-tea', 'juice-smoothies', 'chicken', '']",(949) 620-4010,700B,https://images.ctfassets.net/l16b5usqno44/umb-media-78028/8acee18d96423b3862e9a20e14ffffd1/NewfoundMarket-Store-Logo.jpg?w=223&fm=png,dining,restaurants,Now Open,False
53,Foot Locker,"['shoes-handbags-luggage', 'sporting-goods-active-wear', 'in-store-shopping', '']",(949) 585-9862,644,https://images.ctfassets.net/l16b5usqno44/umb-media-75003/d0df28e1983ec4826da28aff3e878581/store-logo-footlocker.png?w=223&fm=png,shopping,stores,,False
54,Francesca's,"['accessories', 'books-cards-gifts', 'jewelry-timepieces', 'shoes-handbags-luggage', 'swimwear', 'women-s-apparel', 'in-store-shopping', '']",(949) 753-1049,752,https://images.ctfassets.net/l16b5usqno44/umb-media-75000/fb5245010a4d1197cf2bcab119b407e4/store-logo-francescas.jpg?w=223&fm=png,shopping,stores,,False
55,Free People,"['accessories', 'jewelry-timepieces', 'sporting-goods-active-wear', 'swimwear', 'women-s-apparel', 'by-appointment', 'curbside-pickup', 'in-store-shopping', '']",(949) 346-5051,893,https://images.ctfassets.net/l16b5usqno44/umb-media-74999/7135a10735956567f3a5485c44a09fc6/store-logo-freepeople.jpg?w=223&fm=png,shopping,stores,,False
56,Frost A Gelato Shoppe,"['specialty-food', 'dine-in', 'outdoor-seating', 'takeout', 'desserts', '']",(949) 932-0631,508,https://images.ctfassets.net/l16b5usqno44/umb-media-74998/a883117cf4570e3ceb923a800892c989/store-logo-frost.jpg?w=223&fm=png,dining,restaurants,,False
57,"Game Chest, The","['toys-games-hobbies', 'curbside-pickup', 'in-store-shopping', '']",(949) 932-0559,880,https://images.ctfassets.net/l16b5usqno44/umb-media-75105/a0cd18736862c9f500753d1968931a04/store-logo-thegamechest.png?w=223&fm=png,shopping,stores,,False
58,Garage,"['accessories', 'jewelry-timepieces', 'women-s-apparel', 'curbside-pickup', 'in-store-shopping', '']",(949) 453-0176,612,https://images.ctfassets.net/l16b5usqno44/umb-media-74995/2608b61c8bcb90f05c6dec11063efa5d/store-logo-garage.jpg?w=223&fm=png,shopping,stores,,False
59,Gilly Hicks,"['women-s-apparel', 'sporting-goods-active-wear', 'coming-soon', 'in-store-shopping', '']",,653,https://images.ctfassets.net/l16b5usqno44/3cggBL0bjL015N1MMvuxFf/307a9921f2bf8bbe9e6528f19b6ad0db/GillyHicks-Store-Logo2.png?w=223&fm=png,shopping,stores,Coming Soon,False
60,GNC,"['health-fitness', 'in-store-shopping', '']",(949) 265-7330,811,https://images.ctfassets.net/l16b5usqno44/umb-media-74994/ffbde5568807a281856cd37f36848cb3/store-logo-gnc.png?w=223&fm=png,shopping,stores,,False
61,Gorjana,"['accessories', 'jewelry-timepieces', 'curbside-pickup', 'in-store-shopping', '']",(949) 585-9128,864,https://images.ctfassets.net/l16b5usqno44/umb-media-74992/f2e954a24c3e3da1408fb667023188be/store-logo-gorjana.jpg?w=223&fm=png,shopping,stores,,False
62,Gramm00,"['restaurants-casual-quick', 'now-open', 'outdoor-seating', 'takeout', 'italian', '']",,668,https://images.ctfassets.net/l16b5usqno44/72rVVZpnxyHrQl2lsojdRg/6acc4b05f44969651d9b698ef415749d/Store-Logo-Gramm00.png?w=223&fm=png,dining,restaurants,Now Open,False
63,H&M,"['accessories', 'children-s-apparel', 'jewelry-timepieces', 'men-s-apparel', 'shoes-handbags-luggage', 'swimwear', 'women-s-apparel', 'in-store-shopping', '']",(855) 466-7467,890,https://images.ctfassets.net/l16b5usqno44/umb-media-75015/cfcb790258996771ed391474f920860c/store-logo-hm.jpg?w=223&fm=png,shopping,stores,,False
64,Haagen-Dazs,"['specialty-food', 'delivery', 'dine-in', 'outdoor-seating', 'takeout', 'desserts', '']",(949) 450-0881,745,https://images.ctfassets.net/l16b5usqno44/umb-media-75011/9284cda3d054b98c86c43f3c09e1a72f/store-logo-haagendazs.jpg?w=223&fm=png,dining,restaurants,,False
65,Habana,"['restaurants-full-service-dining', 'specialty-food', 'curbside-pickup', 'delivery', 'dine-in', 'outdoor-seating', 'takeout', 'coffee-tea', 'cuban', 'desserts', 'open-table', '']",(949) 419-0100,708,https://images.ctfassets.net/l16b5usqno44/umb-media-74959/fe2122d68c2809cbeafe7bcf870293cd/store-logo-habana.png?w=223&fm=png,dining,restaurants,,False
66,Havaianas,"['shoes-handbags-luggage', 'in-store-shopping', 'deals']",(949) 225-3301,744,https://images.ctfassets.net/l16b5usqno44/umb-media-75013/3ba5d899e280a95ed15a25ca938076bb/store-logo-havaianas.jpg?w=223&fm=png,shopping,stores,,True
67,Heat,"['accessories', 'children-s-apparel', 'men-s-apparel', 'shoes-handbags-luggage', 'women-s-apparel', 'in-store-shopping', 'now-open', '']",(949) 932-0261,849,https://images.ctfassets.net/l16b5usqno44/umb-media-77264/7988a30213a5b16a16af695c99adc4b6/store-logo-heat.jpg?w=223&fm=png,shopping,stores,Now Open,False
68,Hello Kitty Cafe,"['specialty-food', 'dine-in', 'outdoor-seating', 'takeout', 'takes-reservations', 'coffee-tea', 'desserts', '']",(949) 536-5357,860,https://images.ctfassets.net/l16b5usqno44/umb-media-75014/89aef94fa4902b71e3c4c7077c7eb35b/store-logo-hellokittycafe.jpg?w=223&fm=png,dining,restaurants,,False
69,Hollister,"['men-s-apparel', 'women-s-apparel', 'curbside-pickup', 'in-store-shopping', '']",(949) 727-4388,647,https://images.ctfassets.net/l16b5usqno44/umb-media-75016/4fb235cde04590f9c4cf1671e3a4f391/store-logo-hollister.png?w=223&fm=png,shopping,stores,,False
70,Holly and Hudson Nail Lounge,"['beauty', 'services', 'by-appointment', 'in-store-shopping', '']",(949) 753-1449,716,https://images.ctfassets.net/l16b5usqno44/umb-media-75017/d11eb23495ced648fb340f01f9ee803e/store-logo-hollyandhudson.jpg?w=223&fm=png,shopping,stores,,False
71,Honey & Butter Macarons,"['specialty-food', 'curbside-pickup', 'dine-in', 'outdoor-seating', 'takeout', 'desserts', '']",(949) 536-5556,633,https://images.ctfassets.net/l16b5usqno44/umb-media-75018/3d9b42e00ac9d654f5c8a510f5ccea90/store-logo-honeybutter.png?w=223&fm=png,dining,restaurants,,False
72,Hot Topic,"['accessories', 'men-s-apparel', 'women-s-apparel', 'in-store-shopping', '']",(949) 727-3588,615,https://images.ctfassets.net/l16b5usqno44/umb-media-75019/acbcf35dbed1ff573ec01ca2e0c46630/store-logo-hottopic.png?w=223&fm=png,shopping,stores,,False
73,House of Lange Hair Design,"['beauty', 'by-appointment', 'curbside-pickup', 'in-store-shopping', '']",(949) 753-1223,719,https://images.ctfassets.net/l16b5usqno44/umb-media-75020/5532faa4ddcd45e2cb44b687516dd4fb/store-logo-houseoflange.png?w=223&fm=png,shopping,stores,,False
74,Hudsons Cookies,"['restaurants-casual-quick', 'dine-in', 'outdoor-seating', 'takeout', 'desserts', '']",(949) 932-0405,628,https://images.ctfassets.net/l16b5usqno44/umb-media-75899/8273a48295aa4ceef031542ed7488696/store-logo-hudsonscookies.png?w=223&fm=png,dining,restaurants,,False
75,Hurley,"['men-s-apparel', 'shoes-handbags-luggage', 'sporting-goods-active-wear', 'women-s-apparel', 'in-store-shopping', 'deals']",(949) 753-1065,638,https://images.ctfassets.net/l16b5usqno44/umb-media-75021/abace17257af301ac65e91bf91b3618a/store-logo-hurley.png?w=223&fm=png,shopping,stores,,True
76,Improv Comedy Club,"['entertainment', '']",(949) 854-5455,527,https://images.ctfassets.net/l16b5usqno44/umb-media-75023/e39b93c5faaea8bbcf12b9216b69dcaf/store-logo-improv.jpg?w=223&fm=png,shopping,stores,,False
77,Intimissimi,"['women-s-apparel', 'in-store-shopping', 'now-open', 'deals']",,885,https://images.ctfassets.net/l16b5usqno44/3cj9KAlgcKsKR5rZ1FvcJI/c1527d8f8d295fe2e263583980710e3d/Store-Logo-Intimissimi.jpg?w=223&fm=png,shopping,stores,Now Open,True
78,Javier's Cantina & Grill,"['restaurants-full-service-dining', 'dine-in', 'outdoor-seating', 'takeout', 'mexican', '']",(949) 872-2101,536,https://images.ctfassets.net/l16b5usqno44/umb-media-75027/ada742037ab7c4c1728538f0cfdb3432/store-logo-javiers.jpg?w=223&fm=png,dining,restaurants,,False
79,Journeys,"['accessories', 'children-s-apparel', 'men-s-apparel', 'shoes-handbags-luggage', 'women-s-apparel', 'in-store-shopping', '']",(949) 453-0902,739,https://images.ctfassets.net/l16b5usqno44/umb-media-75031/246ea1672ab2ed14f607e4e16cda6e75/store-logo-journeys.jpg?w=223&fm=png,shopping,stores,,False
80,Junie Grey,"['accessories', 'children-s-apparel', 'in-store-shopping', 'now-open', '']",,751,https://images.ctfassets.net/l16b5usqno44/umb-media-80207/50f807dc69c5212343184c9f1bf74921/juniegrey_logo_website.png?w=223&fm=png,shopping,stores,Now Open,False
81,Just In Time,"['jewelry-timepieces', 'in-store-shopping', 'now-open', '']",(877) 721-2513,846,https://images.ctfassets.net/l16b5usqno44/umb-media-75327/02c382abaae36394ac7e91eb8652023a/store-logo-justintime.jpg?w=223&fm=png,shopping,stores,Now Open,False
82,Kay Jewelers,"['accessories', 'jewelry-timepieces', 'in-store-shopping', '']",(949) 453-0794,748,https://images.ctfassets.net/l16b5usqno44/umb-media-75034/c84f3dcf199e4d214afa84b0e59761cc/store-logo-kayjewelers.png?w=223&fm=png,shopping,stores,,False
83,Kestan,"['accessories', 'jewelry-timepieces', 'women-s-apparel', 'by-appointment', 'in-store-shopping', '']",(714) 694-8181,818,https://images.ctfassets.net/l16b5usqno44/umb-media-75035/7cbf9975b4c130c67e7d8a650d5ebe07/store-logo-kestan.png?w=223&fm=png,shopping,stores,,False
84,Kevin Jewelers,"['jewelry-timepieces', 'in-store-shopping', 'now-open', '']",(949) 342-7800,616,https://images.ctfassets.net/l16b5usqno44/umb-media-80670/cd0e9172c71c3ac2918214be9bf96331/Store-Logo-KevinJewelers.jpg?w=223&fm=png,shopping,stores,Now Open,False
85,Levi's ,"['men-s-apparel', 'women-s-apparel', 'curbside-pickup', 'in-store-shopping', 'deals']",(949) 585-9238,740,https://images.ctfassets.net/l16b5usqno44/umb-media-75040/5221d3400e61033ba29cea99ae2dcb00/store-logo-levis.png?w=223&fm=png,shopping,stores,,True
86,Lids,"['accessories', 'sporting-goods-active-wear', 'in-store-shopping', '']",(949) 753-0982,611,https://images.ctfassets.net/l16b5usqno44/umb-media-75042/4acdc7222bbf7497000fad1ae7b691d9/store-logo-lids.jpg?w=223&fm=png,shopping,stores,,False
87,Lids Locker Room,"['accessories', 'sporting-goods-active-wear', 'in-store-shopping', '']",(949) 341-9170,631,https://images.ctfassets.net/l16b5usqno44/umb-media-75046/80eb6fed32ba65d0b301e1ed81b9e808/store-logo-lockerroombylids.jpg?w=223&fm=png,shopping,stores,,False
88,Lip Lab by BITE,"['beauty', 'by-appointment', 'in-store-shopping', 'deals']",(949) 383-9339,718,https://images.ctfassets.net/l16b5usqno44/4aMy6l10ANlNYkyToIUEAC/bd50c540b5562337deb80bc6c746e8e8/Store-Logo-LipLabUpdated.png?w=223&fm=png,shopping,stores,,True
89,Little Sister,"['restaurants-full-service-dining', 'dine-in', 'outdoor-seating', 'takeout', 'takes-reservations', 'asian', 'vietnamese', 'open-table', '']",(949) 800-8798,896,https://images.ctfassets.net/l16b5usqno44/umb-media-75044/7128a4b23737983840e7b96374a6bd2d/store-logo-littlesister.jpg?w=223&fm=png,dining,restaurants,,False
90,LOccitane en Provence,"['beauty', 'in-store-shopping', '']",(949) 450-0502,764,https://images.ctfassets.net/l16b5usqno44/umb-media-75045/d87292f961dbc187f33b04b38d7fc383/store-logo-loccitane.png?w=223&fm=png,shopping,stores,,False
91,LOFT,"['accessories', 'jewelry-timepieces', 'shoes-handbags-luggage', 'women-s-apparel', 'curbside-pickup', 'in-store-shopping', '']",(949) 788-0847,763,https://images.ctfassets.net/l16b5usqno44/umb-media-75047/92c29fd1865b0b8727403bbdd6464835/store-logo-loft.png?w=223&fm=png,shopping,stores,,False
92,lovepop,"['books-cards-gifts', 'coming-soon', 'in-store-shopping', '']",,747,https://images.ctfassets.net/l16b5usqno44/4a6X3mmrAvH8PXiBaxmuRC/1e5342e2b898cba37dae0741dc2a9c29/Store-Logo-LovePop.png?w=223&fm=png,shopping,stores,Coming Soon,False
93,Lovisa,"['accessories', 'jewelry-timepieces', 'curbside-pickup', 'in-store-shopping', 'deals']",(810) 202-7417,619,https://images.ctfassets.net/l16b5usqno44/umb-media-75049/59458c01f2e8975f7ca682bc359d4572/store-logo-lovisa.png?w=223&fm=png,shopping,stores,,True
94,Lucky Brand,"['men-s-apparel', 'women-s-apparel', 'by-appointment', 'in-store-shopping', '']",(949) 753-1582,749,https://images.ctfassets.net/l16b5usqno44/umb-media-75050/f82d4d55a7eb57a22373b64891ab1313/store-logo-luckybrand.png?w=223&fm=png,shopping,stores,,False
95,lululemon,"['men-s-apparel', 'sporting-goods-active-wear', 'women-s-apparel', 'by-appointment', 'curbside-pickup', 'in-store-shopping', '']",(949) 749-4895,877,https://images.ctfassets.net/l16b5usqno44/umb-media-36878/30f90ebca958295fc378f98cc9088b03/store-logo-lululemon.jpg?w=223&fm=png,shopping,stores,,False
96,Luna Grill,"['restaurants-casual-quick', 'delivery', 'dine-in', 'outdoor-seating', 'takeout', 'mediterranean', '']",(949) 387-5862,524,https://images.ctfassets.net/l16b5usqno44/umb-media-75052/cc21c1d7f68a8dcc5ff4f8740921ee7c/store-logo-lunagrill.png?w=223&fm=png,dining,restaurants,,False
97,Lush Fresh Handmade Cosmetics,"['beauty', 'in-store-shopping', '']",(949) 932-0729,817,https://images.ctfassets.net/l16b5usqno44/umb-media-75053/2914f9a42c184318ec38b7d701a1af93/store-logo-lush.jpg?w=223&fm=png,shopping,stores,,False
98,Melt,"['restaurants-casual-quick', 'curbside-pickup', 'delivery', 'dine-in', 'outdoor-seating', 'takeout', 'american', '']",(949) 954-6621,665,https://images.ctfassets.net/l16b5usqno44/umb-media-27722/c1fbb3d285162abbc0b1d5be54e92759/store-logo-themelt.png?w=223&fm=png,dining,restaurants,,False
99,MINISO,"['home-furnishings-decor', 'in-store-shopping', '']",(949) 536-5092,643,https://images.ctfassets.net/l16b5usqno44/umb-media-75055/e4f3d4f7ee1f9fc3024fcde704120d2a/store-logo-miniso.png?w=223&fm=png,shopping,stores,,False
100,Nature Republic,"['beauty', 'curbside-pickup', 'in-store-shopping', 'deals']",(949) 753-7500,828,https://images.ctfassets.net/l16b5usqno44/umb-media-75056/3ea45a8b49fc39424273d2d3d5b01732/store-logo-naturerepublic.jpg?w=223&fm=png,shopping,stores,,True
101,Nectar Clothing,"['women-s-apparel', '']",(949) 932-0499,883,https://images.ctfassets.net/l16b5usqno44/umb-media-75896/657c149b99b12658ee0fba74cf8f8c60/store-logo-nectarclothing.jpg?w=223&fm=png,shopping,stores,,False
102,Nordstrom,"['accessories', 'beauty', 'children-s-apparel', 'department-stores', 'eyewear', 'home-furnishings-decor', 'jewelry-timepieces', 'men-s-apparel', 'shoes-handbags-luggage', 'sporting-goods-active-wear', 'swimwear', 'women-s-apparel', 'curbside-pickup', 'in-store-shopping', '']",(949) 255-2800,800,https://images.ctfassets.net/l16b5usqno44/umb-media-75058/187429dc6942fbd551c22730c4121cf6/store-logo-nordstrom.jpg?w=223&fm=png,shopping,stores,,False
103,Nordstrom Café Bistro,"['restaurants-full-service-dining', 'curbside-pickup', 'dine-in', 'outdoor-seating', 'takeout', 'american', '']",(949) 255-2800,800A,https://images.ctfassets.net/l16b5usqno44/umb-media-75059/c34e6763cc48ca2742693aeacd03d274/store-logo-nordstromcafebistro.png?w=223&fm=png,dining,restaurants,,False
104,Nordstrom Ebar,"['specialty-food', 'curbside-pickup', 'dine-in', 'outdoor-seating', 'takeout', 'coffee-tea', '']",(949) 255-2800,806,https://images.ctfassets.net/l16b5usqno44/umb-media-75060/bc928ba26dc9cfd763b9fcac0534d054/store-logo-nordstromebar.png?w=223&fm=png,dining,restaurants,,False
105,Oakley,"['accessories', 'eyewear', 'men-s-apparel', 'shoes-handbags-luggage', 'sporting-goods-active-wear', 'women-s-apparel', 'curbside-pickup', 'in-store-shopping', '']",(949) 788-0255,654,https://images.ctfassets.net/l16b5usqno44/umb-media-75061/0f9e4a1066a866b3a4e0d403e38c71e1/store-logo-oakley.png?w=223&fm=png,shopping,stores,,False
106,Odyssey VR,"['entertainment', 'in-store-shopping', 'now-open', '']",(949) 708-4550,758,https://images.ctfassets.net/l16b5usqno44/umb-media-75062/706e3c31c975ffa581ba9ee2f32bab14/store-logo-odysseyvr.png?w=223&fm=png,shopping,stores,Now Open,False
107,Old Navy,"['children-s-apparel', 'men-s-apparel', 'shoes-handbags-luggage', 'swimwear', 'women-s-apparel', 'curbside-pickup', 'in-store-shopping', '']",(949) 727-1968,634,https://images.ctfassets.net/l16b5usqno44/umb-media-75063/17cef5d21cd4c1c4f8eeae5331a3b165/store-logo-oldnavy.png?w=223&fm=png,shopping,stores,,False
108,One Medical,"['health-fitness', 'medical-dental-eye-care', 'now-open', '']",(949) 899-8309,801,https://images.ctfassets.net/l16b5usqno44/umb-media-75064/cc5563a8b92952904857e65f5ed7bb40/Store-Logo-OneMedical-2022.jpg?w=223&fm=png,shopping,stores,Now Open,False
109,P.F. Chang's,"['restaurants-full-service-dining', 'curbside-pickup', 'delivery', 'dine-in', 'outdoor-seating', 'takeout', 'asian', 'open-table', '']",(949) 453-1211,514,https://images.ctfassets.net/l16b5usqno44/umb-media-75068/b00f40ec4b3209d7c21eb518384cbfa8/store-logo-pfchangs.jpg?w=223&fm=png,dining,restaurants,,False
110,PacSun,"['men-s-apparel', 'shoes-handbags-luggage', 'swimwear', 'women-s-apparel', 'in-store-shopping', '']",(949) 727-4431,646,https://images.ctfassets.net/l16b5usqno44/umb-media-75065/7bca0e445cc8ed8c26b85cd3bac150ed/storelogo-pacsun.jpg?w=223&fm=png,shopping,stores,,False
111,Panda Express,"['restaurants-casual-quick', 'curbside-pickup', 'delivery', 'dine-in', 'outdoor-seating', 'takeout', 'chinese', '']",(949) 450-0857,667,https://images.ctfassets.net/l16b5usqno44/umb-media-75066/18f3286c6fb032ec545c802717ebf573/store-logo-pandaexpress.png?w=223&fm=png,dining,restaurants,,False
112,Paul Martin's American Grill,"['restaurants-full-service-dining', 'curbside-pickup', 'delivery', 'dine-in', 'outdoor-seating', 'takeout', 'american', 'seafood', 'steakhouses', 'open-table', 'deals']",(949) 453-1144,534,https://images.ctfassets.net/l16b5usqno44/umb-media-75067/6ebfb95c6ce575093096b8de7fcf5a60/store-logo-paulmartinsamericangrill.jpg?w=223&fm=png,dining,restaurants,,True
113,Pho Saigon Pearl,"['restaurants-casual-quick', 'delivery', 'dine-in', 'outdoor-seating', 'takeout', 'vietnamese', '']",(949) 789-5400,704,https://images.ctfassets.net/l16b5usqno44/umb-media-75070/4770e982761fdb8c6cc1f8b0371a299a/store-logo-phosaigonpearl.png?w=223&fm=png,dining,restaurants,,False
114,Pieology Pizzeria,"['restaurants-casual-quick', 'curbside-pickup', 'delivery', 'dine-in', 'outdoor-seating', 'takeout', 'pizza', 'deals']",(949) 450-1000,713,https://images.ctfassets.net/l16b5usqno44/umb-media-75071/e239eec6b1004036cfa29272c6aa741d/store-logo-pieology.jpg?w=223&fm=png,dining,restaurants,,True
115,Planet Beauty,"['beauty', 'in-store-shopping', 'deals']",(949) 727-0576,762,https://images.ctfassets.net/l16b5usqno44/umb-media-75072/b748c372700bc068ee554d41ad98deb4/store-logo-planetbeauty.jpg?w=223&fm=png,shopping,stores,,True
116,Pressed,"['specialty-food', 'curbside-pickup', 'delivery', 'dine-in', 'outdoor-seating', 'takeout', 'juice-smoothies', '']",(949) 536-5083,808,https://images.ctfassets.net/l16b5usqno44/umb-media-78546/f57820f9119a5a91a3cd34dbc23e7000/store-logo-pressed.png?w=223&fm=png,dining,restaurants,,False
117,Pura Vida Bracelets,"['accessories', 'jewelry-timepieces', 'women-s-apparel', 'in-store-shopping', '']",,746,https://images.ctfassets.net/l16b5usqno44/1rmLDr3SPcgPLgexgdbZ55/1c09858845f69ee7abbbce0d7db516bb/PuraVida-Store-Logo.jpg?w=223&fm=png,shopping,stores,,False
118,Q,"['accessories', 'shoes-handbags-luggage', 'women-s-apparel', 'curbside-pickup', 'in-store-shopping', '']",(949) 932-0300,812,https://images.ctfassets.net/l16b5usqno44/umb-media-75074/6aa36ec0ba4411bfe16379025244f2c8/store-logo-q.jpg?w=223&fm=png,shopping,stores,,False
119,Quay,"['accessories', 'eyewear', 'curbside-pickup', 'in-store-shopping', 'now-open', '']",(949) 749-8559,765,https://images.ctfassets.net/l16b5usqno44/1Mk5nis4rEnfNaBEwc6Ojh/9dcc0c16fa693c120f5b93ab5dd33a9b/Store-Logo-Quay.jpg?w=223&fm=png,shopping,stores,Now Open,False
120,Quiksilver ,"['children-s-apparel', 'men-s-apparel', 'shoes-handbags-luggage', 'swimwear', 'women-s-apparel', 'in-store-shopping', 'deals']",(949) 753-5031,603,https://images.ctfassets.net/l16b5usqno44/umb-media-75075/c2b3c9932dc9d6f919a90de17337751f/store-logo-quiksilver.png?w=223&fm=png,shopping,stores,,True
121,"Regal Irvine Spectrum ScreenX, 4DX, IMAX, RPX & VIP","['entertainment', 'theaters', '']",(949) 450-4920,500,https://images.ctfassets.net/l16b5usqno44/umb-media-75078/005eb75511a499aea2f43c9d28ce3726/store-logo-regal.jpg?w=223&fm=png,shopping,stores,,False
122,Robata Wasa,"['restaurants-full-service-dining', 'curbside-pickup', 'delivery', 'dine-in', 'outdoor-seating', 'takeout', 'takes-reservations', 'asian', 'japanese', 'sushi-bars', '']",(949) 536-5064,926,https://images.ctfassets.net/l16b5usqno44/umb-media-75079/e01ec80599430f55394c929c7ea21f8a/store-logo-robatawasa.jpg?w=223&fm=png,dining,restaurants,,False
123,Rocket Fizz Soda Pop and Candy Shop,"['specialty-food', 'curbside-pickup', 'dine-in', 'outdoor-seating', 'takeout', 'candy', '']",(949) 453-0992,823,https://images.ctfassets.net/l16b5usqno44/umb-media-75080/edf9cd4de4fc395c1ff7992d16f5aacc/store-logo-rocketfizz.png?w=223&fm=png,dining,restaurants,,False
124,Rocky Mountain Chocolate Factory,"['specialty-food', 'curbside-pickup', 'delivery', 'dine-in', 'outdoor-seating', 'takeout', 'candy', 'desserts', 'deals']",(949) 450-0999,617,https://images.ctfassets.net/l16b5usqno44/umb-media-75081/5122b391d9ac079d893a91e6a3f8471f/store-logo-rockymountainchocolatefactory.png?w=223&fm=png,dining,restaurants,,True
125,Roll Em Up Taquitos ,"['restaurants-casual-quick', 'coming-soon', 'dine-in', 'takeout', 'mexican', '']",,509,https://images.ctfassets.net/l16b5usqno44/3vbnlDihBW7NJainO2jGtU/cd3387bcf875deec717ae578e17728b5/Roll_Em_Up_Logo_Horizontal.png?w=223&fm=png,dining,restaurants,Coming Soon,False
126,Royal Bee,"['beauty', 'home-furnishings-decor', 'in-store-shopping', '']",(949) 771-4380,810,https://images.ctfassets.net/l16b5usqno44/umb-media-75139/6ab3ab0fef62851f00a6f27cd3147c09/store-logo-royal-bee.jpg?w=223&fm=png,shopping,stores,,False
127,RSQ Skate,"['men-s-apparel', 'women-s-apparel', 'in-store-shopping', '']",(949) 242-6101,605,https://images.ctfassets.net/l16b5usqno44/umb-media-77353/bf21b818739ff44c35ca15492c5970df/store-logo-rsq.jpg?w=223&fm=png,shopping,stores,,False
128,Sephora,"['beauty', 'curbside-pickup', 'in-store-shopping', 'deals']",(949) 316-3990,868,https://images.ctfassets.net/l16b5usqno44/umb-media-75083/d0791f485b642b3482853623d22e8cbb/store-logo-sephora.jpg?w=223&fm=png,shopping,stores,,True
129,Silverlake Ramen,"['restaurants-full-service-dining', 'delivery', 'dine-in', 'outdoor-seating', 'takeout', 'asian', 'japanese', '']",(949) 932-0295,511,https://images.ctfassets.net/l16b5usqno44/umb-media-75084/025e4bd3914ab6cfbdfce4e513e1ff09/store-logo-silverlake-ramen.jpg?w=223&fm=png,dining,restaurants,,False
130,Sleep Number by Select Comfort,"['home-furnishings-decor', 'curbside-pickup', 'in-store-shopping', '']",(949) 417-3827,820,https://images.ctfassets.net/l16b5usqno44/umb-media-75086/f00480c0abdd1aed97c657339b2c3814/store-logo-sleepnumberselectcomfort.png?w=223&fm=png,shopping,stores,,False
131,Socks & Bottoms,"['children-s-apparel', 'men-s-apparel', 'women-s-apparel', 'in-store-shopping', 'deals']",(949) 418-9900,657,https://images.ctfassets.net/l16b5usqno44/umb-media-75087/394c9048972212ab5972c773fc028bc1/store-logo-socksbottoms.png?w=223&fm=png,shopping,stores,,True
132,SomiSomi,"['specialty-food', 'dine-in', 'outdoor-seating', 'takeout', 'desserts', 'korean', '']",(949) 932-0760,640,https://images.ctfassets.net/l16b5usqno44/umb-media-75088/13a822faad3d74577c9a09d4294bac53/store-logo-somisomi.jpg?w=223&fm=png,dining,restaurants,,False
133,Spectrum Apartments Homefinding Center,"['services', '']",(949) 790-4818,754,https://images.ctfassets.net/l16b5usqno44/umb-media-75089/42c291c3f25b4e3ef7cb1060aa728f75/store-logo-spectrumapartments.jpg?w=223&fm=png,shopping,stores,,False
134,Stance,"['accessories', 'men-s-apparel', 'women-s-apparel', 'in-store-shopping', '']",(949) 506-2233,839,https://images.ctfassets.net/l16b5usqno44/umb-media-75090/eedbc508208cf2dcd840577bd8df89db/store-logo-stance.jpg?w=223&fm=png,shopping,stores,,False
135,Starbucks Coffee,"['specialty-food', 'dine-in', 'outdoor-seating', 'takeout', 'coffee-tea', '']",(949) 585-0051,505,https://images.ctfassets.net/l16b5usqno44/umb-media-75091/06e1dc7b1bd10d2c6a62fa771185b3d8/store-logo-starbucks.png?w=223&fm=png,dining,restaurants,,False
136,StretchLab,"['health-fitness', 'by-appointment', 'curbside-pickup', 'in-store-shopping', '']",(949) 385-0088,807,https://images.ctfassets.net/l16b5usqno44/umb-media-75092/c01100aaa6676ae5a65a637c48c34e3c/store-logo-stretchlab.jpg?w=223&fm=png,shopping,stores,,False
137,Stride,"['health-fitness', 'now-open', '']",(949) 504-8414,822,https://images.ctfassets.net/l16b5usqno44/umb-media-75093/1a5cae73b8e8193f8c9ac0cdb8003444/store-logo-stride.png?w=223&fm=png,shopping,stores,Now Open,False
138,Subway,"['restaurants-casual-quick', 'curbside-pickup', 'dine-in', 'outdoor-seating', 'takeout', 'american', '']",(949) 453-1081,809,https://images.ctfassets.net/l16b5usqno44/umb-media-75094/b50339b5e739c5d4e6b8b50f1bf65e8c/store-logo-subway.png?w=223&fm=png,dining,restaurants,,False
139,Sunglass Hut,"['accessories', 'eyewear', 'in-store-shopping', '']",(949) 453-8361,641,https://images.ctfassets.net/l16b5usqno44/umb-media-75095/93fd4d4b589cdd2f114955208d5b524c/store-logo-sunglasshut.png?w=223&fm=png,shopping,stores,,False
140,Swish Studios,"['men-s-apparel', 'shoes-handbags-luggage', 'coming-soon', 'delivery', 'in-store-shopping', '']",(949) 932-0944,632,https://images.ctfassets.net/l16b5usqno44/umb-media-75097/2851bf13416db2ed46b814afe1e22b85/store-logo-swish-studios.jpg?w=223&fm=png,shopping,stores,Coming Soon,False
141,Swish Studios,"['men-s-apparel', 'shoes-handbags-luggage', 'in-store-shopping', 'now-open', '']",(949) 932-0944,525,https://images.ctfassets.net/l16b5usqno44/umb-media-75097/2851bf13416db2ed46b814afe1e22b85/store-logo-swish-studios.jpg?w=223&fm=png,shopping,stores,Now Open,False
142,Talk N' Fix,"['electronics-home-entertainment', 'now-open', 'deals']",(949) 932-0506,743,https://images.ctfassets.net/l16b5usqno44/umb-media-78660/4ceafc75a973671c628432cdfb145fb2/store-logo-talk-n-fix.jpg?w=223&fm=png,shopping,stores,Now Open,True
143,Target,"['accessories', 'beauty', 'books-cards-gifts', 'children-s-apparel', 'department-stores', 'electronics-home-entertainment', 'eyewear', 'grocery-drug', 'hardware-home-improvement', 'home-furnishings-decor', 'jewelry-timepieces', 'men-s-apparel', 'pets', 'shoes-handbags-luggage', 'sporting-goods-active-wear', 'swimwear', 'toys-games-hobbies', 'women-s-apparel', 'curbside-pickup', 'delivery', 'in-store-shopping', '']",(949) 885-0114,900,https://images.ctfassets.net/l16b5usqno44/umb-media-75098/feb3d95cc7fa85fa79927a19feffacfa/store-logo-target.jpg?w=223&fm=png,shopping,stores,,False
144,Tender Greens,"['restaurants-casual-quick', 'delivery', 'dine-in', 'outdoor-seating', 'takeout', 'american', '']",(949) 679-9135,530,https://images.ctfassets.net/l16b5usqno44/umb-media-75099/1c45cdb8fe47375612c70f0b4dee5102/store-logo-tendergreens.jpg?w=223&fm=png,dining,restaurants,,False
145,Tiffany Hunter Home,"['home-furnishings-decor', 'in-store-shopping', 'now-open', '']",(949) 718-1476,734,https://images.ctfassets.net/l16b5usqno44/umb-media-74474/4423f0cec891ac2346258928beb11c1b/store-logo-tiffanyhunter.jpg?w=223&fm=png,shopping,stores,Now Open,False
146,Tillys,"['accessories', 'children-s-apparel', 'men-s-apparel', 'shoes-handbags-luggage', 'swimwear', 'women-s-apparel', 'curbside-pickup', 'in-store-shopping', '']",(949) 788-0781,723,https://images.ctfassets.net/l16b5usqno44/umb-media-75108/d63f9b8d68b13c6fdb97a07bece60575/store-logo-tillys.jpg?w=223&fm=png,shopping,stores,,False
147,T-Mobile,"['electronics-home-entertainment', 'services', 'by-appointment', 'in-store-shopping', '']",(949) 450-0368,504,https://images.ctfassets.net/l16b5usqno44/umb-media-75109/bcc1519663354bc1536fcb26ad4f55f2/store-logo-tmobile.png?w=223&fm=png,shopping,stores,,False
148,Torpedo Comics,"['books-cards-gifts', 'toys-games-hobbies', 'in-store-shopping', 'now-open', '']",(949) 932-0652,630,https://images.ctfassets.net/l16b5usqno44/umb-media-78642/307a3740be7ca60525e9ca3d845abf82/store-logo-torpedocomics.png?w=223&fm=png,shopping,stores,Now Open,False
149,Torrid,"['women-s-apparel', 'in-store-shopping', '']",(949) 585-9380,609,https://images.ctfassets.net/l16b5usqno44/umb-media-75112/b5e2d7d4201ca78ce56cda8251920daf/store-logo-torrid.jpg?w=223&fm=png,shopping,stores,,False
150,Traffik,"['services', '']",,874,https://images.ctfassets.net/l16b5usqno44/umb-media-75113/d1da207a0fe0e3f5e6300b8c7abc520e/store-logo-traffik.png?w=223&fm=png,shopping,stores,,False
151,TravisMathew,"['men-s-apparel', 'sporting-goods-active-wear', 'women-s-apparel', 'coming-soon', 'in-store-shopping', '']",(949) 438-2515,840,https://images.ctfassets.net/l16b5usqno44/umb-media-26999/2d03a400a3a50d729589c17dd1bf2aaf/store-logo-travismathew.png?w=223&fm=png,shopping,stores,Coming Soon,False
152,Typo,"['books-cards-gifts', 'in-store-shopping', '']",(949) 453-0260,629,https://images.ctfassets.net/l16b5usqno44/umb-media-75114/3eca54e6c6b7e28595ae3849a1b75c2c/store-logo-typo.jpg?w=223&fm=png,shopping,stores,,False
153,Umami Burger,"['restaurants-full-service-dining', 'curbside-pickup', 'dine-in', 'outdoor-seating', 'takeout', 'american', 'burgers', '']",(949) 396-1830,527A,https://images.ctfassets.net/l16b5usqno44/umb-media-75115/5baf3444094f94bed34986f737d6054d/store-logo-umamiburger.jpg?w=223&fm=png,dining,restaurants,,False
154,Urban Outfitters,"['accessories', 'books-cards-gifts', 'home-furnishings-decor', 'men-s-apparel', 'shoes-handbags-luggage', 'women-s-apparel', 'in-store-shopping', '']",(949) 727-0951,730,https://images.ctfassets.net/l16b5usqno44/umb-media-75117/e3f3ace381f6fd85358f57ace66d9230/store-logo-urbanoutfitters.png?w=223&fm=png,shopping,stores,,False
155,Urban Seoul 2.0,"['restaurants-casual-quick', 'curbside-pickup', 'delivery', 'dine-in', 'outdoor-seating', 'takeout', 'korean', '']",(949) 727-1900,714,https://images.ctfassets.net/l16b5usqno44/umb-media-75118/5247207d278bbe3fe7cb276252170c60/store-logo-urbanseoul.png?w=223&fm=png,dining,restaurants,,False
156,Vans Store,"['men-s-apparel', 'shoes-handbags-luggage', 'women-s-apparel', 'in-store-shopping', '']",(949) 341-0288,604,https://images.ctfassets.net/l16b5usqno44/umb-media-75119/6fb71ae11b432f76fbf84dee7592f378/store-logo-vans.png?w=223&fm=png,shopping,stores,,False
157,Veggie Grill,"['restaurants-casual-quick', 'curbside-pickup', 'delivery', 'dine-in', 'outdoor-seating', 'takeout', 'vegetarian', '']",(949) 727-9900,732,https://images.ctfassets.net/l16b5usqno44/umb-media-75120/60e8c96c1022093e18806a8a233fa2fe/store-logo-veggiegrill.jpg?w=223&fm=png,dining,restaurants,,False
158,Verizon Wireless,"['electronics-home-entertainment', 'services', 'in-store-shopping', '']",(949) 954-3649,649,https://images.ctfassets.net/l16b5usqno44/umb-media-75121/120dbff979b513ee1513041b4ae0839f/store-logo-verizonwireless.png?w=223&fm=png,shopping,stores,,False
159,Viaggio Pizzeria,"['restaurants-full-service-dining', 'dine-in', 'now-open', 'outdoor-seating', 'takeout', 'takes-reservations', 'italian', 'pizza', 'open-table', '']",(949) 749-2366,700A,https://images.ctfassets.net/l16b5usqno44/4v4bzylJTv9fRPmUX45ro7/7415dfa425e84369394a165ccadcb1cf/Store-Logo-ViaggioPizzeria.jpg?w=223&fm=png,dining,restaurants,Now Open,False
160,VinFast,"['automotive', 'coming-soon', 'in-store-shopping', '']",,824,https://images.ctfassets.net/l16b5usqno44/umb-media-81073/47049596aec2099a85c80184ed040b7c/Store-Logo-Vinfast.jpg?w=223&fm=png,shopping,stores,Coming Soon,False
161,Volcom,"['children-s-apparel', 'men-s-apparel', 'shoes-handbags-luggage', 'swimwear', 'women-s-apparel', 'in-store-shopping', 'deals']",(949) 727-4722,642,https://images.ctfassets.net/l16b5usqno44/umb-media-75122/1b761a62c65acd48ae23859473c207c7/store-logo-volcom.jpg?w=223&fm=png,shopping,stores,,True
162,Vuori,"['women-s-apparel', 'health-fitness', 'men-s-apparel', 'in-store-shopping', 'now-open', '']",,854,https://images.ctfassets.net/l16b5usqno44/umb-media-74485/0befad6df0fc80e06097b12045234dc2/store-logo-vuori.jpg?w=223&fm=png,shopping,stores,Now Open,False
163,Wahoo's Fish Taco,"['restaurants-casual-quick', 'curbside-pickup', 'delivery', 'dine-in', 'outdoor-seating', 'takeout', 'mexican', '']",(949) 753-0251,715,https://images.ctfassets.net/l16b5usqno44/umb-media-75123/9d20ff855248f90abe51e80d6631d643/store-logo-wahoosfishtaco.png?w=223&fm=png,dining,restaurants,,False
164,Wakse,"['beauty', 'services', 'by-appointment', 'in-store-shopping', 'deals']",(949) 932-0940,851,https://images.ctfassets.net/l16b5usqno44/umb-media-75124/0ce26845a7660f03fff1c91f0205a840/store-logo-wakse.jpg?w=223&fm=png,shopping,stores,,True
165,Warby Parker,"['medical-dental-eye-care', 'eyewear', 'by-appointment', 'coming-soon', 'in-store-shopping', '']",,857,https://images.ctfassets.net/l16b5usqno44/umb-media-45665/dd5a338bd4d55f8540aca4ed527656f2/store-logo-warbyparkeri.jpg?w=223&fm=png,shopping,stores,Coming Soon,False
166,Wetzel's Pretzels,"['specialty-food', 'curbside-pickup', 'dine-in', 'outdoor-seating', 'takeout', 'pretzels', '']",(949) 677-8831,618,https://images.ctfassets.net/l16b5usqno44/umb-media-75125/dd645210010b206bcff225a55341aa0a/store-logo-wetzelspretzels.jpg?w=223&fm=png,dining,restaurants,,False
167,White House Black Market,"['accessories', 'jewelry-timepieces', 'shoes-handbags-luggage', 'women-s-apparel', 'curbside-pickup', 'in-store-shopping', '']",(949) 450-9284,768,https://images.ctfassets.net/l16b5usqno44/umb-media-75126/7fecc20ad7cf3f3143cade87ba138351/store-logo-whitehouseblackmarket.png?w=223&fm=png,shopping,stores,,False
168,Windsor ,"['shoes-handbags-luggage', 'women-s-apparel', 'in-store-shopping', '']",(949) 788-0804,738,https://images.ctfassets.net/l16b5usqno44/umb-media-75127/1bad9f5a7d80151f9ac0cd8b2d854be1/store-logo-windsor.jpg?w=223&fm=png,shopping,stores,,False
169,Wood Ranch BBQ & Grill,"['restaurants-full-service-dining', 'curbside-pickup', 'delivery', 'dine-in', 'outdoor-seating', 'takeout', 'barbeque', '']",(949) 337-4850,501,https://images.ctfassets.net/l16b5usqno44/umb-media-75128/16c9d2c73fe4a68fc8b2664ee8c689c1/store-logo-woodranchbbq.png?w=223&fm=png,dining,restaurants,,False
170,Woofpak Pet Kitchen,"['pets', 'curbside-pickup', 'in-store-shopping', '']",(949) 932-0565,771,https://images.ctfassets.net/l16b5usqno44/umb-media-75921/7b9e694101d680fa6f5e30a74d970967/store-logo-woofpakpetkitchen.jpg?w=223&fm=png,shopping,stores,,False
171,World of Hearing,"['electronics-home-entertainment', 'medical-dental-eye-care', 'coming-soon', 'in-store-shopping', '']",,821,https://images.ctfassets.net/l16b5usqno44/umb-media-81081/b2286a608c8d3c857fa7c562e9773ce2/Store-Logo-WorldOfHearing.jpg?w=223&fm=png,shopping,stores,Coming Soon,False
172,Yankee Candle,"['books-cards-gifts', 'in-store-shopping', 'deals']",(949) 450-0725,735,https://images.ctfassets.net/l16b5usqno44/umb-media-75130/4cf90ff19740802c6b446383186d2c0e/store-logo-yankeecandle.jpg?w=223&fm=png,shopping,stores,,True
173,Yard House,"['restaurants-full-service-dining', 'curbside-pickup', 'delivery', 'dine-in', 'outdoor-seating', 'takeout', 'american', '']",(949) 753-9373,620,https://images.ctfassets.net/l16b5usqno44/umb-media-75131/621bddeb903357a7f8667aec3170fe97/store-logo-yardhouse.png?w=223&fm=png,dining,restaurants,,False
174,Yogurtland,"['specialty-food', 'curbside-pickup', 'dine-in', 'outdoor-seating', 'takeout', 'desserts', '']",(949) 536-5303,733,https://images.ctfassets.net/l16b5usqno44/umb-media-75135/d272c786b52d515ef7771698784d9d72/store-logo-yogurtland.png?w=223&fm=png,dining,restaurants,,False
175,Zumiez,"['accessories', 'children-s-apparel', 'men-s-apparel', 'shoes-handbags-luggage', 'women-s-apparel', 'curbside-pickup', 'in-store-shopping', '']",(949) 450-0894,613,https://images.ctfassets.net/l16b5usqno44/umb-media-75136/2d4fce41608ffaf28cfb974f61d58caf/store-logo-zumiez.jpg?w=223&fm=png,shopping,stores,,False
